游戏名称,价格,好评率,好评人数,平均游玩时长,标签
Creativerse,¥ 80.00,77%,"2,635",11.4h,"探索, 冒险, 动作冒险, 开放世界"
Ghostship Aftermath,¥ 37.00,39%,74,11.3h,"恐怖, 冒险"
BloodLust Shadowhunter,¥ 37.00,79%,338,6.5h,恐怖
Dollhouse,¥ 58.00,51%,139,8.6h,"恐怖, 冒险"
Crea,¥ 48.00,73%,"1,083",12.1h,"冒险, 开放世界"
Dark Shadows - Army of Evil,¥ 30.00,36%,93,6.8h,"冒险, 恐怖"
Fiesta Online NA,免费开玩,62%,788,18.1h,冒险
Reversion - The Return (Last Chapter),¥ 42.00,84%,83,5.8h,"冒险, 探索"
BloodRayne Betrayal (Legacy),¥ 70.00,59%,639,6.1h,恐怖
Reversion - The Meeting (2nd Chapter),¥ 22.00,79%,121,4.3h,冒险
Real Horror Stories Ultimate Edition,¥ 11.00,37%,945,2.8h,"恐怖, 冒险"
Adventure Chronicles: The Search For Lost Treasure,¥ 22.00,67%,79,7.8h,冒险
Desert Gunner,¥ 15.00,38%,55,3.5h,步行模拟
A Boy and His Blob,¥ 36.00,83%,220,6.1h,冒险
UberSoldier II 狼穴尖兵2,¥ 36.00,77%,522,4.2h,冒险
D.W.A.R.F.S.,¥ 22.00,57%,14,2.3h,冒险
Ascension to the Throne: Valkyrie,¥ 22.00,90%,75,9.2h,冒险
Homeworld: Deserts of Kharak,¥ 51.25,79%,"7,681",12.6h,冒险
4PM,¥ 0.00,39%,123,2.9h,"步行模拟, 冒险"
Munin,¥ 22.00,82%,805,8.1h,冒险
Explodemon,¥ 34.00,65%,60,19.4h,冒险
Splatter - Zombiecalypse Now,¥ 28.00,89%,"2,077",5.5h,"冒险, 恐怖"
The Banner Saga 2,¥ 85.00,89%,"3,139",9.8h,冒险
Woolfe - The Red Hood Diaries,¥ 42.00,59%,975,4.0h,冒险
Stellaris,¥ 168.00,86%,"136,049",98.0h,探索
SOMA,¥ 108.00,95%,"44,593",8.2h,"恐怖, 探索, 冒险, 步行模拟"
Fearless Fantasy,¥ 29.00,88%,111,10.0h,"冒险, 恐怖"
Castlevania: Lords of Shadow – Mirror of Fate HD,¥ 48.00,84%,"2,087",7.1h,"冒险, 恐怖"
RollerCoaster Tycoon World™,¥ 12.00,25%,"3,214",10.2h,"开放世界, 冒险"
LOST ORBIT,¥ 40.00,90%,32,5.7h,冒险
Stick 'Em Up 2: Paper Adventures,¥ 15.00,71%,107,3.7h,冒险
Hyperdimension Neptunia Re;Birth1,¥ 58.00,94%,"10,086",30.2h,"视觉小说, 冒险"
Paper Dungeons,¥ 22.00,45%,24,6.5h,冒险
Lucent Heart,免费开玩,51%,353,13.2h,冒险
Super Chibi Knight,¥ 25.00,87%,400,4.6h,"冒险, 动作冒险"
Spoiler Alert,¥ 15.00,77%,338,3.8h,冒险
The Samaritan Paradox,¥ 11.00,71%,159,4.6h,冒险
Nosferatu: The Wrath of Malachi,¥ 3.75,90%,"1,526",3.3h,"恐怖, 冒险, 开放世界"
Litil Divil,¥ 3.75,80%,30,10.9h,冒险
Munich Bus Simulator,¥ 58.00,60%,320,,"探索, 冒险, 步行模拟, 开放世界"
New York Bus Simulator,¥ 42.00,50%,99,4.9h,"步行模拟, 探索, 恐怖"
Salt and Sanctuary,¥ 60.00,89%,"19,726",15.8h,"冒险, 恐怖"
World of Subways 2 – Berlin Line 7,¥ 58.00,75%,298,5.7h,"探索, 恐怖, 开放世界"
Heroine's Quest: The Herald of Ragnarok,免费开玩,87%,"1,405",15.5h,"冒险, 探索"
Putt-Putt® Joins the Parade,¥ 28.00,96%,186,30.6h,冒险
Freddi Fish and the Case of the Missing Kelp Seeds,¥ 28.00,97%,539,4.1h,冒险
Pajama Sam: No Need to Hide When It's Dark Outside,¥ 28.00,97%,"1,039",9.7h,冒险
"Spy Fox in ""Dry Cereal""",¥ 28.00,96%,556,4.1h,冒险
Putt-Putt® and Pep's Balloon-o-Rama,¥ 21.00,84%,51,59.7h,冒险
Freddi Fish and Luther's Maze Madness,¥ 21.00,87%,65,3.2h,冒险
Sanitarium,¥ 52.00,93%,"1,178",5.1h,"冒险, 恐怖"
Lost Squad,¥ 0.00,,,,"冒险, 开放世界, 恐怖"
Majestic Nights,¥ 21.00,54%,53,3.2h,冒险
BeamNG.drive,¥ 68.00,97%,"357,273",65.3h,"开放世界, 冒险, 探索"
Magicians & Looters,¥ 29.00,84%,77,3.6h,冒险
Maize,¥ 42.00,88%,768,2.5h,"冒险, 步行模拟, 探索"
PANORAMICAL,¥ 42.00,90%,203,1.6h,步行模拟
The Last Door - Collector's Edition,¥ 36.00,95%,"1,813",4.1h,"恐怖, 冒险"
Cornerstone: The Song of Tyrim,¥ 68.00,66%,24,4.8h,"冒险, 开放世界"
Abyss: The Wraiths of Eden,¥ 58.00,89%,817,5.5h,"冒险, 恐怖"
Dark Arcana: The Carnival,¥ 58.00,87%,395,5.0h,"冒险, 恐怖"
Enigmatis: The Ghosts of Maple Creek,¥ 58.00,84%,"1,318",5.5h,"冒险, 恐怖"
Grim Legends: The Forsaken Bride,¥ 58.00,95%,"1,042",6.0h,"冒险, 恐怖"
9 Clues: The Secret of Serpent Creek,¥ 58.00,89%,685,5.0h,"冒险, 恐怖"
Left in the Dark: No One on Board,¥ 58.00,82%,474,4.1h,"冒险, 恐怖"
Solarix,¥ 68.00,60%,215,9.7h,恐怖
Enigmatis 2: The Mists of Ravenwood,¥ 58.00,97%,"1,080",5.6h,"冒险, 恐怖"
Clockwork Tales: Of Glass and Ink,¥ 58.00,90%,630,4.8h,"冒险, 恐怖"
Between Me and The Night,¥ 22.00,66%,109,10.4h,冒险
LEGO® The Hobbit™,¥ 68.00,79%,"4,878",10.3h,"冒险, 开放世界"
RollerCoaster Tycoon®: Deluxe,¥ 5.00,94%,"7,189",13.5h,开放世界
On The Road - The Truck Simulator,¥ 108.00,50%,921,15.3h,"冒险, 开放世界, 探索"
Hard Truck Apocalypse / Ex Machina,¥ 33.00,83%,"2,375",10.5h,"开放世界, 冒险"
Galactic Command Echo Squad SE,¥ 42.00,3 篇用户评测,3,3.5h,"开放世界, 冒险"
Enemy Mind,¥ 35.00,81%,104,3.5h,冒险
TerraTech,¥ 80.00,92%,"20,086",40.4h,"开放世界, 冒险, 探索"
Dead Effect,¥ 22.00,73%,"2,914",6.8h,恐怖
Eidolon,¥ 48.00,73%,204,6.7h,"探索, 开放世界, 步行模拟, 冒险"
You Have to Win the Game,免费,92%,"5,710",5.0h,"冒险, 探索, 开放世界"
ReignMaker,¥ 102.70,82%,50,8.0h,冒险
fault - milestone one,¥ 48.00,93%,"2,359",15.4h,"视觉小说, 冒险"
Oknytt,¥ 21.00,92%,410,4.8h,"冒险, 恐怖, 探索"
Shadows on the Vatican - Act I: Greed,¥ 29.00,75%,184,4.8h,冒险
Black Mirror II,¥ 36.00,89%,577,11.9h,"冒险, 恐怖"
Black Mirror III,¥ 36.00,88%,427,11.7h,"冒险, 恐怖"
Nearwood - Collector's Edition,¥ 36.00,88%,231,4.5h,冒险
Metro 2033 Redux,¥ 98.00,91%,"87,976",9.0h,"恐怖, 冒险, 开放世界"
Hard Truck Apocalypse: Rise Of Clans / Ex Machina: Meridian 113,¥ 26.00,73%,734,5.9h,"开放世界, 冒险"
Hard Truck Apocalypse: Arcade / Ex Machina: Arcade,¥ 22.00,32%,224,4.9h,冒险
Harvester,¥ 25.00,91%,"1,353",4.0h,"恐怖, 冒险"
Wildlife Park 3,¥ 36.00,62%,376,7.7h,"开放世界, 冒险"
Autocraft,¥ 42.00,51%,247,6.0h,开放世界
Resident Evil Revelations 2,¥ 323.50,78%,"24,421",13.4h,"恐怖, 冒险"
Metro: Last Light Redux,¥ 98.00,91%,"66,142",12.6h,"恐怖, 冒险, 开放世界"
Sunset,¥ 68.00,66%,153,7.9h,"步行模拟, 冒险, 探索"
The Council,免费,83%,"5,586",18.2h,"冒险, 恐怖"
Nostradamus: The Last Prophecy,¥ 21.00,69%,155,17.9h,冒险
The Witch's Yarn,¥ 36.00,5 篇用户评测,5,2.6h,"冒险, 视觉小说"
TY the Tasmanian Tiger 4,¥ 46.50,78%,244,4.1h,冒险
Rex Rocket,¥ 6.00,72%,183,5.1h,冒险
Mortal Online,免费开玩,52%,"2,957",25.3h,"开放世界, 冒险"
Actual Sunlight,¥ 21.00,73%,534,4.3h,"冒险, 视觉小说"
Whispering Willows,¥ 35.00,81%,"1,223",4.2h,"冒险, 恐怖, 探索"
Oncoming Death Steam Edition,¥ 6.00,6 篇用户评测,6,7.2h,冒险
Alicemare,¥ 15.00,88%,"1,104",6.1h,"冒险, 恐怖"
Hidden Through Time,¥ 32.00,93%,"2,756",5.3h,冒险
Javva Juice,¥ 22.00,61%,13,3.6h,冒险
The Disney Afternoon Collection,¥ 24.50,87%,853,4.3h,冒险
Captain Lycop : Invasion of the Heters,免费开玩,72%,33,5.4h,冒险
The Construct,¥ 30.00,78%,91,6.3h,冒险
Nock: Hidden Arrow,¥ 36.00,70%,24,4.7h,冒险
LOST SPHEAR,¥ 338.00,56%,163,10.3h,"冒险, 开放世界"
汐,¥ 38.00,79%,"1,261",9.4h,"冒险, 探索"
Demon Peak,免费开玩,69%,242,6.2h,冒险
Sullen: Light is Your Friend,¥ 30.00,47%,44,4.7h,"冒险, 恐怖"
"Guns, Gore and Cannoli 2",¥ 43.00,94%,"4,592",6.7h,冒险
.hack//G.U. Last Recode,¥ 278.00,87%,"3,418",18.4h,"冒险, 开放世界"
Candy Kingdom VR,¥ 26.00,82%,17,2.0h,冒险
Dyno Adventure,¥ 6.00,33%,15,3.9h,冒险
MMM: Murder Most Misfortunate,¥ 22.00,80%,99,3.9h,"冒险, 视觉小说"
Slashy Hero,¥ 28.00,81%,38,3.6h,冒险
Doorways: Old Prototype,免费开玩,86%,668,2.2h,"恐怖, 冒险, 步行模拟"
Cockroach VR,¥ 11.00,97%,38,1.1h,恐怖
Sky Sanctuary,¥ 15.00,87%,32,3.7h,探索
The Gallery - Episode 2: Heart of the Emberstone,¥ 50.00,83%,378,2.9h,冒险
Silhouette: Chapter One,¥ 0.00,9 篇用户评测,9,0.7h,"冒险, 动作冒险"
Hack Time,免费开玩,28%,14,19.4h,冒险
"Project ""Fire""",免费开玩,76%,111,23.4h,冒险
Deep Below,免费,62%,29,24.6h,冒险
The Hateful Dead,¥ 15.00,84%,19,1.6h,恐怖
CloudBound,¥ 28.00,84%,44,3.5h,冒险
Embers of Magic,免费,83%,100,14.7h,"视觉小说, 冒险"
Higurashi When They Cry Hou - Ch.4 Himatsubushi,¥ 25.00,97%,780,15.6h,"视觉小说, 冒险, 恐怖"
PitchFork,Pitchfork Demo,7 篇用户评测,7,0.7h,"冒险, 恐怖"
The Wild Eight,¥ 92.00,71%,"5,920",9.0h,"开放世界, 冒险, 恐怖"
OFF GRID : Stealth Hacking,¥ 0.00,,,,"探索, 动作冒险"
hack_me,¥ 26.00,68%,"1,452",12.1h,"冒险, 恐怖"
The Gleam: VR Escape the Room,¥ 18.00,25%,39,3.9h,"冒险, 恐怖"
Jumper Jape,¥ 11.00,92%,14,3.0h,冒险
Life of Lon: Chapter 1,免费,76%,50,18.6h,冒险
Monsti,¥ 6.00,68%,66,5.7h,"冒险, 动作冒险, 探索"
幸福工厂,¥ 136.00,97%,"224,003",71.5h,"开放世界, 探索, 冒险"
A Day in the Woods,¥ 21.00,95%,24,4.2h,冒险
The Melody of Dust,¥ 21.00,8 篇用户评测,8,1.1h,冒险
Dead,¥ 22.00,91%,255,5.5h,恐怖
Armies of Riddle CLASSIC,¥ 6.00,2 篇用户评测,2,6.7h,冒险
WORLD END ECONOMiCA episode.03,¥ 52.00,96%,166,9.5h,视觉小说
为了吾王 / For The King,¥ 70.00,87%,"30,583",21.8h,"开放世界, 冒险"
Lurk,¥ 21.71,93%,15,5.5h,"恐怖, 开放世界, 探索, 冒险, 步行模拟, 动作冒险"
Nights of Azure,¥ 88.00,69%,627,28.5h,"探索, 冒险"
Atelier Firis: The Alchemist and the Mysterious Journey / フィリスのアトリエ ～不思議な旅の錬金術士～,¥ 177.00,82%,550,,"冒险, 开放世界"
Grave: VR Prologue,¥ 32.00,7 篇用户评测,7,11.3h,"冒险, 恐怖"
Escape Station,¥ 28.00,2 篇用户评测,2,1.2h,冒险
Demon Hunter 3: Revelation,¥ 58.00,89%,202,4.2h,"冒险, 恐怖"
"Warhammer 40,000: Inquisitor - Martyr",¥ 222.00,76%,"19,243",23.2h,冒险
Cockroach Simulator,¥ 15.00,79%,"2,363",3.5h,"恐怖, 开放世界"
Containment Initiative,¥ 36.00,89%,498,2.7h,恐怖
Keep Defending,¥ 15.00,87%,41,2.1h,"冒险, 动作冒险"
Crown Champion: Legends of the Arena,¥ 22.00,83%,201,6.0h,冒险
YANKAI'S TRIANGLE,¥ 26.00,78%,65,3.3h,恐怖
Cranium Conundrum,¥ 3.38,63%,19,4.4h,冒险
Lifestream - A Haunting Text Adventure,¥ 15.00,100%,25,4.6h,"冒险, 互动小说, 探索"
Dreadful,¥ 11.00,63%,11,2.1h,"冒险, 恐怖"
Nevertales: Shattered Image Collector's Edition,¥ 76.00,85%,14,6.0h,冒险
Grim Tales: The Bride Collector's Edition,¥ 76.00,59%,54,5.5h,冒险
Mystery Trackers: The Void Collector's Edition,¥ 76.00,94%,17,6.4h,冒险
Prospero: New World,¥ 0.00,,,,"冒险, 步行模拟"
Eternal Return,¥ 40.00,51%,27,4.2h,"冒险, 探索, 恐怖"
Gladiator Trainer,¥ 3.08,73%,242,5.7h,"冒险, 开放世界"
東周列萌志 Philosophic Love,免费开玩,89%,879,10.0h,视觉小说
Darkness and Flame: Born of Fire Collector's Edition,¥ 42.00,91%,142,6.0h,冒险
Soulless: Ray Of Hope,¥ 22.00,71%,204,5.2h,"探索, 动作冒险, 恐怖"
Hunt: The Unknown Quarry,免费,67%,58,11.4h,恐怖
Wells,¥ 22.00,74%,71,4.8h,"冒险, 动作冒险"
Rogalia,免费开玩,70%,533,34.9h,"开放世界, 冒险"
Found,免费开玩,88%,146,7.9h,"冒险, 互动小说"
Shu,¥ 37.00,75%,90,4.6h,冒险
Twixel,¥ 11.00,83%,18,3.8h,冒险
Eisenwald: Blood of November,¥ 34.00,54%,144,3.8h,"开放世界, 冒险"
Birthright Cataclysm - Overture,免费开玩,84%,13,14.4h,"冒险, 恐怖"
SOS Survival,¥ 42.00,55%,20,14.7h,"探索, 冒险"
Nekuia,¥ 36.00,66%,12,4.1h,冒险
Arakion: Book One,¥ 70.00,50%,22,1.6h,"冒险, 探索, 开放世界"
Awkward Dimensions Redux,免费,80%,"2,956",2.1h,"冒险, 步行模拟, 恐怖, 开放世界"
Omni Link,¥ 18.00,88%,43,5.3h,"视觉小说, 冒险"
Moekuri: Adorable + Tactical SRPG,¥ 55.00,87%,325,14.0h,视觉小说
Dark and Light,¥ 98.00,51%,"10,553",75.4h,"开放世界, 冒险"
TEOT - The End OF Tomorrow,¥ 30.00,50%,12,0.9h,冒险
I Know a Tale,¥ 15.00,76%,42,3.8h,冒险
Rogue Trooper Redux,¥ 92.00,77%,461,4.2h,冒险
ALONE? - VR,¥ 35.00,63%,36,3.7h,"冒险, 恐怖"
Kyurinaga's Revenge,¥ 31.00,81%,11,5.2h,冒险
"Please, Don't Touch Anything 3D",¥ 42.00,81%,"1,309",3.5h,"冒险, 恐怖"
FISH LAKE,¥ 37.00,3 篇用户评测,3,2.2h,冒险
The Rabbit Hole Remastered,¥ 6.00,68%,35,3.7h,"冒险, 恐怖"
Mages of Mystralia,¥ 68.00,85%,876,7.1h,"冒险, 动作冒险"
The Bellows,免费,86%,244,9.8h,"冒险, 恐怖"
TAIKU MANSION,¥ 30.00,58%,84,4.6h,"冒险, 恐怖"
Ley Lines,免费,83%,153,5.8h,冒险
Disturbed,免费开玩,92%,"1,857",6.5h,"恐怖, 冒险, 视觉小说, 互动小说"
Maniac Mansion,¥ 26.00,86%,197,2.1h,"冒险, 探索"
Polygon Attack,¥ 11.00,89%,234,4.8h,冒险
ARK Park,¥ 39.60,44%,409,16.4h,"冒险, 开放世界, 探索"
Resurgence,¥ 11.00,6 篇用户评测,6,4.3h,冒险
PositronX,¥ 84.99,71%,56,3.7h,冒险
World to the West,¥ 75.00,79%,188,6.6h,"冒险, 动作冒险, 探索"
Yuna and other troubles,¥ 37.00,1 篇用户评测,1,0.3h,冒险
交易马车,¥ 28.00,93%,45,7.2h,冒险
Exophobia,¥ 58.00,89%,93,4.0h,"探索, 动作冒险, 冒险"
Door in the Woods,¥ 37.00,78%,240,3.7h,恐怖
The Black Grimoire: Cursebreaker,¥ 58.00,86%,776,17.6h,"冒险, 开放世界, 探索"
To Ash and Ember,¥ 0.00,,,,探索
Beat Or Die The MiniGames,¥ 11.00,1 篇用户评测,1,4.8h,冒险
VenusBlood FRONTIER International,¥ 114.99,93%,753,24.1h,"冒险, 视觉小说"
觅长生,¥ 58.00,93%,"26,298",52.5h,"开放世界, 探索"
DEUS EX MACHINA: Stage Zero,免费,61%,13,16.2h,冒险
漫步者 The Walker,¥ 4.00,4 篇用户评测,4,2.5h,"冒险, 探索, 恐怖"
Degraman: Act I. Vincent,免费开玩,83%,191,9.4h,"视觉小说, 冒险, 互动小说"
Tales of Tomorrow: Experiment,¥ 37.00,58%,12,4.9h,"探索, 冒险"
Juken Jigoku | 受験地獄,¥ 15.00,66%,45,1.1h,"冒险, 恐怖"
传说之光,¥ 37.00,无用户评测,,0.6h,"视觉小说, 冒险"
鶴鄉戀旅,免费,98%,191,5.6h,"冒险, 视觉小说"
Car Mechanic Simulator 2021,Car Mechanic Simulator 2021 Demo,95%,"34,243",23.0h,"开放世界, 冒险"
Araha : Curse of Yieun Island,¥ 54.00,59%,297,8.3h,"冒险, 恐怖"
Long Count,¥ 15.00,,,5.0h,"冒险, 互动小说"
Race Race Racer,¥ 6.00,79%,29,1.8h,冒险
The Wonderful 101: Remastered,¥ 200.00,84%,546,7.8h,"冒险, 动作冒险"
Crazy city,¥ 116.00,8 篇用户评测,8,0.3h,冒险
Heebie Jeebies: The Roller Coaster,¥ 22.00,5 篇用户评测,5,1.2h,恐怖
SOONA,¥ 11.00,3 篇用户评测,3,1.6h,"冒险, 动作冒险"
Scriptum VR: The Neighbor's House Escape Room,¥ 32.00,1 篇用户评测,1,0.6h,"冒险, 探索"
Project J,¥ 18.00,,,0.1h,冒险
Memory Match Saga,¥ 11.00,1 篇用户评测,1,3.7h,冒险
胶囊人,¥ 0.00,,,,冒险
Phantom Hills,¥ 0.00,,,,"恐怖, 步行模拟, 开放世界, 探索, 冒险"
Tales of the Deck,¥ 37.00,5 篇用户评测,5,2.9h,冒险
DooM in the Dark 2,¥ 6.00,40%,10,2.4h,恐怖
Ghetto Conspiracy,¥ 15.00,85%,14,1.4h,冒险
Boomer Remover,¥ 6.00,72%,18,1.7h,冒险
Booobjz,Booobjz Demo,90%,21,6.7h,冒险
ScribbleDude,¥ 28.00,100%,17,4.2h,冒险
MotoTrials,¥ 58.00,6 篇用户评测,6,0.9h,冒险
Seek Girl Ⅲ,¥ 11.00,83%,"2,672",7.3h,冒险
SANCTION,¥ 26.00,4 篇用户评测,4,,"冒险, 动作冒险, 步行模拟, 探索"
[Chilla's Art] Yuki Onna | 雪女,¥ 22.00,76%,177,3.0h,"恐怖, 冒险, 探索"
青春叙曲 Growing Up,¥ 48.00,87%,"3,314",9.5h,"冒险, 视觉小说"
刀剑乱舞无双,¥ 349.00,87%,186,17.0h,冒险
12 Labours of Hercules X: Greed for Speed,¥ 41.00,69%,23,22.5h,冒险
Arzt Simulator,¥ 50.00,9 篇用户评测,9,1.1h,冒险
Inferna,免费开玩,62%,"2,209",9.8h,"冒险, 开放世界, 探索"
Forgotten Ways,¥ 11.00,90%,96,24.0h,步行模拟
Hero Soul: I want to be a Hero!,¥ 37.00,1 篇用户评测,1,1.1h,冒险
Fifo's Night,免费开玩,90%,173,5.6h,"动作冒险, 冒险"
Nexomon,¥ 37.00,88%,"1,707",12.2h,"冒险, 探索"
Streamer Shall Not Pass!,¥ 678.00,1 篇用户评测,1,6.5h,"探索, 冒险, 恐怖"
Memory,¥ 50.00,1 篇用户评测,1,7.7h,冒险
Shantae and the Seven Sirens,¥ 90.00,90%,"1,494",11.9h,"冒险, 探索, 动作冒险"
Spidersaurs,¥ 70.00,74%,50,3.8h,冒险
Rebel Transmute,¥ 76.00,73%,232,9.8h,"探索, 冒险, 动作冒险"
境界 Dice&Fighter,¥ 18.00,69%,95,17.0h,冒险
El Culto: edición completa,¥ 28.00,1 篇用户评测,1,,冒险
Spot The Differences 2020 | 大家来找茬 2020,¥ 11.00,66%,12,2.3h,冒险
混世萌王喵霸霸 Cute Chaos Demon Nyanbaba,¥ 3.00,98%,111,3.4h,"探索, 恐怖"
Iverian Wars: Craxion vs Defugel,免费开玩,32%,518,4.5h,"冒险, 开放世界"
Legend Creatures(传奇生物),¥ 19.00,89%,"3,779",20.8h,"探索, 冒险"
哥布林时代,¥ 48.00,55%,20,3.7h,冒险
Say No! More,¥ 50.00,91%,"1,690",2.8h,"冒险, 动作冒险"
Deathtrap Dungeon: The Interactive Video Adventure,¥ 32.00,91%,165,3.9h,冒险
Detective Simulator,¥ 0.00,,,,冒险
《辽阔旷野》Open Country,¥ 19.20,38%,321,6.8h,"冒险, 开放世界, 探索, 动作冒险, 步行模拟"
Section Six,¥ 19.00,9 篇用户评测,9,1.1h,"冒险, 互动小说, 视觉小说"
Octopus City Blues,¥ 0.00,,,,"探索, 冒险, 互动小说, 恐怖"
Labyrinths of the World: The Wild Side Collector's Edition,¥ 76.00,90%,11,3.7h,冒险
Room Escape '1053',¥ 0.00,8 篇用户评测,8,0.2h,"冒险, 动作冒险"
Love Me Forever,¥ 0.00,,,,"探索, 冒险"
Royal Detective: The Last Charm Collector's Edition,¥ 76.00,4 篇用户评测,4,3.9h,冒险
Burning Sun,¥ 0.00,,,,"冒险, 互动小说"
GraFi Christmas,¥ 3.08,5 篇用户评测,5,3.0h,冒险
东方梦猫传,¥ 5.50,69%,46,1.2h,冒险
23UL,¥ 11.00,1 篇用户评测,1,1.3h,冒险
Romancelvania,¥ 92.00,76%,246,4.7h,"探索, 冒险"
The Last Roman Village 2,¥ 0.00,,,,"动作冒险, 冒险, 开放世界"
The Shenanigans of Cherry and Trix,¥ 22.00,3 篇用户评测,3,6.8h,"冒险, 动作冒险"
Winter Snow | 冬雪,¥ 11.00,7 篇用户评测,7,3.7h,"冒险, 视觉小说"
Shoot Them,¥ 12.00,80%,121,4.4h,冒险
Nostalgiarian,¥ 3.30,7 篇用户评测,7,2.0h,冒险
Monkey GO Happy,免费,97%,251,2.6h,冒险
食用系少女：美食內戰 Food Girls：Civil War,¥ 59.00,94%,69,8.2h,"视觉小说, 冒险"
Abyss,¥ 0.00,,,,冒险
Bus World,¥ 68.00,72%,"1,755",5.0h,"冒险, 开放世界, 探索"
DEFICIT,¥ 0.00,,,,"恐怖, 探索"
K37-D,¥ 11.00,4 篇用户评测,4,4.3h,"恐怖, 冒险"
Hunt the Muglump,¥ 22.43,5 篇用户评测,5,6.5h,"冒险, 探索"
Wonder Cat,¥ 0.00,,,,冒险
Axe Cop,¥ 37.00,88%,18,1.8h,冒险
Together - A Wish No One Remembers,¥ 11.00,100%,10,2.1h,视觉小说
Zelter / 尸外桃源,¥ 76.00,48%,"1,731",9.0h,"开放世界, 探索"
The Visitors,¥ 22.00,无用户评测,,6.9h,冒险
Vapormaze,¥ 50.00,77%,18,1.0h,动作冒险
Space Climber,¥ 18.00,2 篇用户评测,2,5.2h,冒险
Abomi Nation,¥ 58.00,84%,117,6.5h,探索
The Aftermath: Unnatural Selection,¥ 0.00,,,,"开放世界, 冒险"
Meandering Fiend,¥ 6.00,1 篇用户评测,1,0.8h,冒险
WarriOrb: Prologue,免费,88%,398,1.3h,"探索, 开放世界, 冒险"
Piece Of Mind,¥ 50.00,3 篇用户评测,3,,冒险
UNHERD,免费开玩,76%,21,9.1h,"冒险, 动作冒险"
Jack-O-Lantern Covers of Darkness,¥ 45.00,3 篇用户评测,3,3.3h,冒险
Tower Climb,¥ 6.00,7 篇用户评测,7,1.0h,冒险
Island Marauder,免费开玩,81%,181,4.8h,冒险
Trapped,¥ 8.99,83%,133,1.6h,"冒险, 恐怖, 步行模拟"
Orange Cast: Sci-Fi Space Action Game,¥ 29.00,45%,137,4.4h,"探索, 冒险"
One-Eyed Lee and the Dinner Party,¥ 22.00,94%,19,1.1h,"冒险, 视觉小说"
Paradise Away,¥ 0.00,,,,"冒险, 探索"
The Land of Crows,免费开玩,86%,46,8.1h,"冒险, 恐怖"
Cursed Gem,免费开玩,90%,65,18.4h,"冒险, 动作冒险"
激战魔方 Dethcube,¥ 18.00,无用户评测,,26.9h,冒险
Terra Incognita,¥ 35.00,无用户评测,,8.1h,冒险
剑物语,¥ 27.00,2 篇用户评测,2,0.9h,"冒险, 动作冒险"
Zombie Tag Royale,¥ 11.00,2 篇用户评测,2,0.8h,冒险
Chrono The Nightmare Begins,¥ 0.00,,,,恐怖
Joe Kowalski Chronicles: Murder in a flat,¥ 0.00,,,,"动作冒险, 冒险, 恐怖"
斧女侠小婕：试炼,免费,78%,52,6.8h,"开放世界, 冒险"
苏菲的炼金工房 ～不可思议书的炼金术士～ DX,¥ 249.00,90%,918,34.5h,"冒险, 探索"
莉迪＆苏瑞的炼金工房 ～不可思议绘画的炼金术士～ DX,¥ 249.00,91%,379,47.5h,"冒险, 探索"
菲利丝的炼金工房 ～不可思议旅的炼金术士～ DX,¥ 249.00,74%,442,46.2h,"冒险, 探索"
Prison  X - Chapter 1: The Devil and The Sun,¥ 15.00,1 篇用户评测,1,,"互动小说, 视觉小说, 开放世界"
Don't Be A Baby!,¥ 6.00,2 篇用户评测,2,1.8h,冒险
Elementite,Elementite Demo,4 篇用户评测,4,1.2h,"动作冒险, 开放世界"
Muslim 3D,¥ 126.00,90%,20,512.1h,"探索, 开放世界"
Octarina,免费,83%,299,1.1h,冒险
Cyberpunch,¥ 8.00,2 篇用户评测,2,1.6h,冒险
Francisca 2,¥ 6.00,52%,19,1.0h,"冒险, 探索, 恐怖"
Temporal Purge: Z,¥ 24.99,85%,47,2.7h,恐怖
DreamScapes Dimensions,免费开玩,43%,83,24.6h,开放世界
Children's Jigsaw Puzzles,¥ 18.00,2 篇用户评测,2,3.5h,冒险
FarmZone,¥ 0.00,,,,"冒险, 开放世界, 恐怖"
Paradigm Shift,免费,83%,12,10.8h,"冒险, 动作冒险, 探索, 互动小说"
Minit Fun Racer,¥ 15.00,96%,247,6.9h,"冒险, 动作冒险"
复仇之臂复刻版,¥ 22.00,75%,37,5.8h,"动作冒险, 冒险"
[Chilla's Art] The Caregiver | 終焉介護,¥ 22.00,80%,414,2.5h,"恐怖, 探索, 互动小说, 开放世界"
Rules of Alchemy,¥ 0.00,,,,"开放世界, 冒险"
Ballfrog,¥ 8.80,80%,46,1.7h,冒险
中年失业模拟器When a man lose his job,¥ 29.00,78%,344,8.7h,"探索, 开放世界, 恐怖"
The Alpha 001,¥ 15.00,3 篇用户评测,3,0.9h,"冒险, 开放世界"
Aery - A Journey Beyond Time,¥ 18.50,90%,61,50.9h,"探索, 步行模拟, 冒险"
Glam's Incredible Run: Escape from Dukha,¥ 15.00,5 篇用户评测,5,2.0h,"探索, 冒险"
Tomorrow,免费开玩,71%,56,2.2h,"冒险, 探索, 恐怖"
Negative: The Way of Shinobi,¥ 26.00,5 篇用户评测,5,2.0h,"冒险, 动作冒险"
拼图猫娘4,¥ 22.00,94%,"4,293",14.7h,互动小说
Ascendum,¥ 56.00,100%,19,1.8h,冒险
Playground VR,¥ 37.00,8 篇用户评测,8,1.0h,开放世界
Grandiose,¥ 11.00,68%,160,0.7h,开放世界
Hello Guest: Hello Neighbor 2 pre-alpha,免费,88%,775,6.2h,"冒险, 恐怖, 动作冒险"
My Last Memories About You,¥ 18.00,90%,11,0.3h,"步行模拟, 探索, 冒险"
Azure Sky,¥ 18.00,76%,21,3.0h,"冒险, 探索"
Anime Catgirl Runner,¥ 6.50,4 篇用户评测,4,1.7h,冒险
Happy Day,¥ 3.08,27%,18,1.4h,"冒险, 探索, 开放世界"
Lost Assassin - A Tale of AI Corruption,¥ 18.00,,,2.2h,冒险
Through the Helios,¥ 22.00,1 篇用户评测,1,,"动作冒险, 冒险, 探索"
bridg,免费开玩,57%,76,5.4h,步行模拟
OPUS：龙脉常歌 -最终版-,¥ 100.00,96%,"8,450",9.7h,"视觉小说, 互动小说, 探索, 冒险, 步行模拟"
太荒初境,¥ 68.00,38%,"12,572",70.2h,"冒险, 开放世界, 动作冒险"
Maze Party,¥ 26.00,3 篇用户评测,3,14.2h,冒险
Zero-G Revolution,免费,6 篇用户评测,6,9.4h,"冒险, 探索"
Find Yourself,¥ 29.00,84%,"1,172",1.8h,"恐怖, 探索, 步行模拟"
그랑 엠파이어,免费开玩,93%,204,7.9h,视觉小说
Cloud Jumper,¥ 0.00,,,,"探索, 冒险, 动作冒险"
Surprising My Neighbors 2,¥ 6.00,71%,14,0.4h,冒险
Fractal Evolution,¥ 0.00,,,,"开放世界, 冒险"
Harpy Star,¥ 0.00,,,,"探索, 动作冒险"
We Can Make It,¥ 0.00,,,,"冒险, 动作冒险"
Risu,¥ 0.00,,,,"恐怖, 探索, 冒险"
Librarian,¥ 22.00,93%,16,1.6h,冒险
Robot Robert,¥ 6.00,75%,28,12.5h,"冒险, 探索"
Inversion,¥ 22.00,90%,20,1.5h,冒险
Neon Warrior,¥ 42.00,84%,13,4.1h,冒险
Oscar & Gems: Puzzle Quest,¥ 11.00,91%,12,2.3h,冒险
Run Ralph Run,¥ 30.00,73%,26,3.4h,冒险
Neon,¥ 30.00,95%,48,1.3h,冒险
Dream of Tomorrow,¥ 0.00,,,,冒险
Arnold,¥ 3.19,100%,23,2.3h,动作冒险
Fluffy Gore,Fluffy Gore Demo,5 篇用户评测,5,6.2h,动作冒险
Get Together: A Coop Adventure,¥ 5.50,65%,84,2.4h,冒险
Little Lives,¥ 52.00,82%,245,6.1h,开放世界
Renovators,¥ 0.00,,,,"冒险, 动作冒险"
Berzerk Flashback,¥ 10.85,93%,134,10.1h,冒险
Lux mina,¥ 37.00,1 篇用户评测,1,,"动作冒险, 冒险"
BAND OF BROTHERS,¥ 6.00,52%,34,0.7h,"冒险, 开放世界"
Apostle 3D,¥ 15.00,7 篇用户评测,7,1.6h,"冒险, 恐怖"
Evil Shogun,¥ 6.00,3 篇用户评测,3,3.0h,"冒险, 互动小说, 视觉小说"
FRIGID VR,¥ 0.00,,,,"开放世界, 恐怖, 动作冒险, 步行模拟, 冒险, 探索"
The SOL Device 2,免费开玩,9 篇用户评测,9,6.4h,"探索, 开放世界, 冒险"
Recontact London: Cyber Puzzle,¥ 15.00,35%,17,2.3h,"互动小说, 探索"
Orc Warchief: Strategy Story,¥ 0.00,,,,动作冒险
Bleak end,¥ 0.00,,,,视觉小说
Cat Go! Ultimate Challenge,¥ 11.00,84%,26,1.9h,"冒险, 开放世界"
Kuguru,¥ 26.00,2 篇用户评测,2,2.2h,"动作冒险, 步行模拟, 冒险"
MARK-I: Mission Pilot,¥ 11.00,5 篇用户评测,5,1.6h,动作冒险
Fuzz Dungeon,¥ 18.00,100%,74,3.5h,探索
Languish,¥ 15.00,53%,28,0.8h,"恐怖, 探索, 冒险"
Bigfoot Forest,¥ 3.00,73%,142,1.3h,"冒险, 恐怖, 开放世界"
Agent X,¥ 6.00,38%,13,0.3h,"冒险, 动作冒险"
巴特拉：家在何方,¥ 110.00,73%,207,6.2h,"动作冒险, 冒险"
White Shirts Red Blood,¥ 0.00,,,,"动作冒险, 冒险"
Green world: Catharsis,¥ 18.00,100%,16,1.3h,"冒险, 动作冒险"
Horror Squad,¥ 5.50,55%,514,2.6h,"恐怖, 冒险, 动作冒险"
Battle Cube,¥ 6.00,74%,35,2.8h,"冒险, 恐怖, 探索"
Minicraft Shooter,¥ 3.00,18%,11,4.8h,冒险
Horror Tycoon,¥ 58.00,61%,91,1.2h,恐怖
Nemesis - RPG,¥ 32.00,9 篇用户评测,9,21.5h,"动作冒险, 冒险"
Smoked Gun,¥ 6.00,72%,29,1.1h,"冒险, 恐怖, 探索"
What Never Was: Chapter II,¥ 0.00,,,,"冒险, 探索, 步行模拟"
A House of Thieves,¥ 39.99,86%,118,6.0h,动作冒险
Crawler,¥ 11.00,33%,12,1.3h,"冒险, 探索"
Kiki & Ana - The Child,免费开玩,95%,125,3.5h,"视觉小说, 恐怖, 冒险"
Poop,免费开玩,58%,301,294.5h,冒险
The Epic of Inanna,免费,73%,23,10.4h,"冒险, 互动小说, 视觉小说"
Hana's Campus Life!,¥ 58.00,7 篇用户评测,7,1.0h,视觉小说
葬花·暗黑桃花源,¥ 6.00,95%,"6,118",9.7h,"冒险, 视觉小说, 互动小说, 文字游戏"
弗洛伊斯(FREUS),试用版,1 篇用户评测,1,0.9h,"冒险, 动作冒险"
武士的精神,¥ 76.00,59%,362,3.5h,"动作冒险, 冒险"
殺死秦始皇,¥ 10.00,81%,27,2.2h,"探索, 动作冒险, 冒险"
Machinika: Museum,¥ 32.00,91%,"1,120",5.1h,冒险
Cannon Lab 13,¥ 6.00,3 篇用户评测,3,0.8h,探索
Stellar Mess: The Princess Conundrum (Chapter 1),¥ 3.00,97%,36,5.2h,"冒险, 探索"
Enigma of Fear,¥ 92.00,95%,"2,914",9.6h,"开放世界, 探索"
ENDO,ENDO Demo,100%,31,1.7h,"冒险, 探索"
Tail Trail,免费开玩,71%,21,2.3h,"动作冒险, 冒险"
Hypoxia - One Last Breath,免费开玩,78%,19,10.8h,"冒险, 视觉小说, 互动小说"
The Lodge,免费开玩,36%,71,2.0h,"冒险, 恐怖, 动作冒险"
Vamp Night,¥ 11.00,77%,18,1.5h,"开放世界, 冒险"
Cold Wind,¥ 3.00,33%,15,3.1h,"冒险, 开放世界"
童话森林,¥ 228.67,80%,357,11.3h,"冒险, 动作冒险, 探索"
Bloomee,¥ 50.00,2 篇用户评测,2,0.1h,"探索, 步行模拟"
Witch Strandings,¥ 50.00,70%,34,1.0h,"冒险, 步行模拟, 探索, 开放世界"
Doki Doki Ragnarok,¥ 42.00,94%,18,1.5h,视觉小说
蓝色形态,¥ 26.00,92%,27,2.7h,"探索, 视觉小说, 冒险"
My Garage,¥ 92.00,91%,"3,682",62.9h,"开放世界, 探索, 冒险"
Aviano,¥ 26.00,6 篇用户评测,6,1.4h,"冒险, 探索, 动作冒险"
QuietMansion1,¥ 18.00,91%,37,0.8h,"恐怖, 动作冒险, 探索, 冒险"
行尸国度,¥ 0.00,,,,"动作冒险, 冒险, 开放世界"
Hide Seek Survive,¥ 22.00,无用户评测,,14.7h,"恐怖, 探索, 步行模拟, 冒险"
Samurai Zero,¥ 0.00,,,,动作冒险
A Night Before the Deadline,免费开玩,77%,22,4.1h,"探索, 步行模拟, 冒险"
Starless,¥ 32.00,90%,33,2.0h,"恐怖, 动作冒险, 探索, 冒险"
深空梦里人,¥ 76.00,93%,"7,765",5.5h,"互动小说, 探索, 冒险"
Scrabdackle,¥ 58.00,96%,116,4.0h,"开放世界, 动作冒险, 探索, 冒险"
亿万恋人,¥ 15.00,95%,"3,588",3.1h,"视觉小说, 互动小说"
Shadowman®: Darque Legacy,¥ 0.00,,,,"恐怖, 冒险"
Grammarian Ltd,¥ 37.00,89%,46,3.6h,冒险
Vampire Clans,¥ 0.00,,,,冒险
Lady in Mystery,¥ 80.00,94%,152,11.1h,视觉小说
JUST A GUY :  Online Multiplayer Ragdoll Game,¥ 0.00,,,,"开放世界, 动作冒险, 冒险"
VAR: Exterminate,¥ 50.00,89%,130,4.4h,"冒险, 恐怖"
Midnight Girl,¥ 58.00,92%,139,3.5h,"冒险, 探索"
狗蛋神冒险-搞笑的声控冒险,¥ 11.00,8 篇用户评测,8,1.1h,"冒险, 动作冒险"
Caveman,¥ 3.00,100%,10,3.0h,冒险
Yupitergrad 🚀: Sneaki Peaki (Virtual Reality Adventure),免费,98%,52,3.4h,"冒险, 探索"
Daenerys Miracle,¥ 6.00,84%,33,1.7h,"动作冒险, 冒险"
Renova,¥ 36.00,2 篇用户评测,2,7.0h,"探索, 开放世界, 冒险"
Riot Control Simulator,¥ 0.00,,,,动作冒险
The Last Worker,¥ 76.00,63%,44,10.3h,"冒险, 探索, 互动小说"
Birb Café,¥ 37.00,78%,14,2.5h,"视觉小说, 互动小说"
Light Infantry,¥ 35.00,84%,33,2.9h,动作冒险
of pawns & kings,¥ 0.00,,,,冒险
秋末求生 | Survive the Fall,¥ 119.00,67%,567,12.4h,"开放世界, 探索, 冒险"
Shadow Tactics: 爱子的选择 Aiko's Choice,¥ 80.00,93%,"3,889",9.1h,冒险
Guardians of the Wild Sky,¥ 0.00,,,,"冒险, 开放世界, 动作冒险"
拾忆之旅 Spiral,¥ 58.00,90%,33,3.1h,"步行模拟, 探索, 冒险"
DVOREC,¥ 6.00,1 篇用户评测,1,2.1h,"冒险, 视觉小说, 步行模拟"
Dangerous Chris,¥ 6.00,9 篇用户评测,9,1.3h,"动作冒险, 冒险"
Deerstalker,¥ 0.00,,,,"冒险, 探索, 视觉小说"
NULLPTR,¥ 50.00,100%,11,2.9h,冒险
飞龙勇士,¥ 36.50,94%,138,6.4h,"动作冒险, 冒险, 探索"
Host 714,¥ 22.00,100%,18,1.3h,"冒险, 动作冒险, 探索"
NaÀra: Contos de Resistência,¥ 32.00,8 篇用户评测,8,0.9h,"动作冒险, 探索"
Void Surfer,¥ 32.00,2 篇用户评测,2,2.0h,探索
Sol Dorado Heist,¥ 22.00,4 篇用户评测,4,1.0h,视觉小说
Brave Deeds of Rescue Team,¥ 35.00,86%,43,10.0h,"探索, 冒险"
百家谜案集:温迪的家2,¥ 6.00,50%,12,2.3h,"互动小说, 视觉小说"
The Light Brigade,¥ 92.00,88%,"1,059",6.1h,冒险
无限世界:轮回小队,¥ 18.00,74%,39,4.8h,冒险
夏まつりのハナビィ Hanaby's Summer Festival,¥ 75.00,96%,30,8.0h,"冒险, 动作冒险"
Mythos Ever After: A Cthulhu Dating Sim RX,¥ 6.00,,,0.7h,"视觉小说, 互动小说"
HUMANS CONNECT,免费,78%,42,6.9h,"冒险, 动作冒险"
Gnomepunk,¥ 0.00,,,,探索
Galaxy ONE,¥ 62.00,,,,"动作冒险, 探索, 恐怖, 开放世界"
Between Time: Escape Room,¥ 37.00,80%,311,3.3h,"冒险, 互动小说, 步行模拟, 探索"
枪伞游侠,¥ 58.00,86%,853,4.2h,"探索, 冒险"
Pearls of the Oceans,¥ 6.00,1 篇用户评测,1,2.1h,"动作冒险, 探索, 冒险"
Rune Factory 4 Special,¥ 190.00,88%,"1,981",23.9h,冒险
"Agoraphobia ""Knock Knock""",¥ 6.00,29%,24,3.5h,恐怖
Witchcraft U,¥ 26.00,64%,14,3.8h,互动小说
Aventura Pisicului Pierdut,¥ 15.00,100%,12,3.9h,"冒险, 视觉小说"
The LastOnesLeft,¥ 26.00,60%,23,1.4h,"动作冒险, 恐怖, 冒险"
VR Fighter Jets War,¥ 4.80,4 篇用户评测,4,2.8h,冒险
银魂：Silver Soul,¥ 8.00,57%,33,11.0h,"冒险, 恐怖, 探索"
SHIBUYA SUSHI MASTER,¥ 0.00,,,,"冒险, 互动小说, 视觉小说"
NINJA GAIDEN Σ2 [NINJA GAIDEN: Master Collection],¥ 249.00,79%,"1,567",19.6h,冒险
NINJA GAIDEN Σ [NINJA GAIDEN: Master Collection],¥ 249.00,83%,"2,354",13.7h,"冒险, 探索"
九霄仙途,¥ 23.80,77%,93,46.5h,冒险
Lovengrad,¥ 0.00,,,,"冒险, 探索, 恐怖, 动作冒险"
拯救心脏星,¥ 35.00,2 篇用户评测,2,0.2h,"冒险, 探索"
Escape Abstraction,¥ 26.00,2 篇用户评测,2,4.1h,探索
Samorost 1,免费,95%,"5,191",5.1h,冒险
The Trigger,¥ 26.00,80%,10,1.6h,冒险
Manipulator I:The Hand Behind,¥ 37.00,,,1.5h,"探索, 冒险"
Haunted House - The Murder,¥ 11.00,4 篇用户评测,4,1.6h,"探索, 互动小说, 步行模拟, 动作冒险, 恐怖, 冒险"
天使之王：梅塔特隆的飞升 高清复刻版,¥ 60.00,85%,414,4.2h,动作冒险
Dipod: The Foot Legacy,¥ 0.00,,,,"冒险, 动作冒险"
Food Delivery Service,¥ 15.00,66%,30,1.6h,"冒险, 步行模拟, 恐怖"
Bittersweet Birthday,¥ 68.00,92%,25,3.4h,"动作冒险, 探索"
L.S.D.: Prologue to Lasting Spiritual Derangement,免费开玩,80%,266,1.7h,"动作冒险, 开放世界, 探索, 冒险"
Sword Princess Amaltea - The Visual Novel,¥ 42.00,3 篇用户评测,3,1.5h,"冒险, 视觉小说, 互动小说"
Der Geisterjäger / The Ghost Hunter,¥ 14.50,7 篇用户评测,7,0.4h,"冒险, 探索"
Earth Guard: Egypt,免费开玩,8 篇用户评测,8,7.0h,冒险
Dark Runner,¥ 22.00,1 篇用户评测,1,0.7h,探索
Survive Into Night,¥ 22.00,3 篇用户评测,3,0.9h,"探索, 恐怖, 动作冒险"
K.O. Cult,¥ 0.00,,,,恐怖
哈鲁,¥ 0.00,,,,"步行模拟, 探索, 冒险"
HUMANITY,¥ 108.00,93%,470,5.9h,"冒险, 探索"
The Phantom Fellows,¥ 58.00,86%,52,4.5h,"冒险, 探索, 恐怖"
The Legend of Bear-Truck Trucker,¥ 22.00,97%,48,5.1h,探索
VR Nara Park,¥ 37.00,5 篇用户评测,5,0.0h,"步行模拟, 探索"
Reconnect,¥ 6.60,3 篇用户评测,3,1.1h,"冒险, 视觉小说"
Gethaut,¥ 39.00,,,,"冒险, 恐怖"
The Five Covens,¥ 22.00,5 篇用户评测,5,1.3h,冒险
Stories of Blossom,¥ 56.00,94%,19,3.4h,冒险
Kosmo Laika : Guide to Space,¥ 11.00,95%,22,0.5h,"文字游戏, 探索"
我被逐出队伍后过上慢生活,¥ 76.00,88%,575,14.6h,探索
Super Sunny Island,¥ 22.00,95%,20,1.3h,"动作冒险, 冒险"
Unlocked,¥ 15.00,92%,13,53.7h,"探索, 冒险"
Super Mega Zero,¥ 37.00,100%,25,4.3h,冒险
The Forgotten Isles,¥ 15.00,3 篇用户评测,3,1.2h,"冒险, 动作冒险"
A Couple Of Cubes,¥ 0.00,,,,"冒险, 动作冒险, 探索"
Parallax Tunnel,¥ 6.00,1 篇用户评测,1,1.4h,步行模拟
Hello Puppets: Midnight Show,¥ 70.00,72%,62,4.5h,"冒险, 动作冒险, 恐怖"
Sleepy Sunday,¥ 32.00,1 篇用户评测,1,0.7h,"视觉小说, 动作冒险"
LumbearJack,¥ 52.00,95%,255,4.0h,冒险
Color Pixel Heroes,¥ 11.00,4 篇用户评测,4,16.2h,冒险
ALL OUT WAR : Welcome To The Front,¥ 0.00,,,,"动作冒险, 开放世界, 冒险"
IRENE.HOUSE,免费,9 篇用户评测,9,6.8h,"互动小说, 步行模拟"
Corduroy Hollow,¥ 0.00,,,,"冒险, 恐怖, 动作冒险"
Manafinder,¥ 47.00,95%,81,6.2h,"探索, 冒险"
The Little Red Lie,免费开玩,93%,579,2.3h,"探索, 互动小说, 恐怖, 动作冒险, 冒险"
The Palace on the Hill Prologue,免费,98%,123,2.8h,"探索, 冒险, 开放世界"
ASV Trident,¥ 0.00,,,,探索
Recapture the Castle,¥ 6.00,51%,29,0.9h,"冒险, 动作冒险"
Capsule,¥ 18.00,3 篇用户评测,3,0.8h,冒险
Abyss Memory Fallen Angel and the Path of Magic,¥ 22.00,6 篇用户评测,6,1.2h,冒险
Caravan SandWitch,¥ 90.00,88%,"2,474",4.1h,"探索, 冒险, 互动小说, 动作冒险"
Reknum Cheri Dreamland,¥ 28.00,6 篇用户评测,6,2.1h,"冒险, 动作冒险"
Cursed House,¥ 0.00,64%,34,1.2h,"冒险, 动作冒险, 探索, 恐怖"
Reknum Fantasy of Dreams,¥ 76.00,4 篇用户评测,4,0.1h,"冒险, 动作冒险, 探索"
PURGE - Three vs Blood,¥ 21.75,47%,17,3.7h,"恐怖, 冒险, 动作冒险"
Check x Mate,¥ 0.00,,,,"冒险, 视觉小说"
The Redress of Mira,¥ 33.00,73%,38,3.3h,"冒险, 探索, 恐怖"
Ball,¥ 11.00,9 篇用户评测,9,1.0h,"冒险, 探索"
Communist Clicker,¥ 15.00,8 篇用户评测,8,1.6h,互动小说
Holy Purge : Exorcist,¥ 42.00,69%,165,2.6h,"恐怖, 动作冒险"
Starwisp Hyperdrive,¥ 58.00,84%,13,1.9h,"冒险, 探索"
Garenburg Penitence: The Riflebird,¥ 15.00,93%,15,4.3h,视觉小说
Dinosaur Park – Primeval Zoo,免费开玩,69%,203,9.7h,探索
Galactic Wars EX,¥ 32.00,85%,21,1.0h,冒险
Ultimate Christmas Puzzler 2,¥ 28.00,1 篇用户评测,1,,冒险
Profession investigator,¥ 43.00,98%,96,9.9h,"冒险, 互动小说"
超越海盗,免费开玩,87%,16,5.6h,探索
长安地下城,¥ 0.00,,,,冒险
Fear of the Dark,¥ 28.00,69%,13,2.5h,"探索, 冒险, 恐怖"
Word of the Law: Death Mask Collector's Edition,¥ 6.60,78%,32,4.8h,"视觉小说, 冒险"
王室传说：湿地的诅咒 典藏版,¥ 33.00,64%,14,3.4h,"视觉小说, 冒险"
RedPixel,免费开玩,91%,12,7.8h,冒险
Krampus Kills,¥ 50.00,87%,65,2.2h,"恐怖, 探索, 冒险"
Friendsim 2,免费,89%,102,8.3h,"视觉小说, 冒险"
Dungeon Divers,¥ 22.00,79%,96,4.2h,探索
Into the Waves,免费,91%,87,4.7h,"视觉小说, 互动小说, 恐怖, 冒险"
Empire of Revenant,¥ 0.00,,,,"视觉小说, 冒险"
Lastone: Behind the Choice,¥ 22.00,3 篇用户评测,3,2.0h,视觉小说
Snakepit Larry,¥ 11.00,2 篇用户评测,2,1.1h,"探索, 动作冒险, 开放世界, 冒险"
Ambition,¥ 6.00,1 篇用户评测,1,1.1h,动作冒险
Mirrorama,¥ 3.30,83%,24,1.9h,冒险
Momo is Here,¥ 15.00,75%,49,0.7h,"恐怖, 冒险, 动作冒险"
Infiltraliens,免费开玩,80%,55,2.8h,"动作冒险, 探索"
project.r.█.█.,¥ 0.00,,,,互动小说
Milo,¥ 18.00,3 篇用户评测,3,1.3h,"恐怖, 冒险, 探索, 动作冒险"
I Believe In Giants,¥ 0.00,,,,"冒险, 探索"
心心相印：满月诅咒 典藏版,¥ 33.00,66%,24,4.8h,"视觉小说, 恐怖, 冒险"
pandaman,¥ 0.00,,,,"动作冒险, 冒险"
A Peculiar Adventure On Bast,¥ 0.00,,,,"冒险, 探索"
Aimlabs VR,免费,49%,154,10.0h,冒险
Islands of the Caliph,¥ 42.00,88%,260,2.8h,"开放世界, 探索, 冒险"
The Collar,¥ 22.00,1 篇用户评测,1,,"恐怖, 动作冒险"
Blood Souls,¥ 0.00,,,,"冒险, 探索"
Darkness Battle,¥ 33.00,,,7.3h,冒险
Cyra and the Beacon Path,¥ 0.00,,,,"动作冒险, 冒险, 探索"
Tundralia: The Frigid Frontier,¥ 18.00,8 篇用户评测,8,0.2h,"开放世界, 探索, 动作冒险, 冒险"
Mystery of Island,¥ 15.00,4 篇用户评测,4,2.4h,"冒险, 开放世界, 动作冒险"
SEARCH ALL - POTIONS,¥ 15.00,90%,44,0.4h,探索
龙腾世纪™: 影障守护者,¥ 298.00,68%,"40,383",39.0h,冒险
ASMR,免费开玩,6 篇用户评测,6,37.5h,步行模拟
Noir Storm,¥ 0.00,,,,"冒险, 探索, 互动小说"
HyperLeague Heroes,¥ 15.00,67%,34,125.2h,"冒险, 探索"
安科俱乐部,免费开玩,92%,63,5.6h,"文字游戏, 互动小说"
Scripture,¥ 50.00,2 篇用户评测,2,2.9h,"冒险, 动作冒险, 步行模拟"
10 Seconds to Win!,¥ 6.00,94%,133,1.3h,动作冒险
Dodo Life,¥ 0.00,,,,冒险
The Curator,¥ 0.00,,,,"冒险, 步行模拟"
Iron Lung,¥ 33.00,92%,"9,558",2.0h,"恐怖, 冒险, 探索, 步行模拟"
Land Of Eno,¥ 12.00,8 篇用户评测,8,0.3h,"开放世界, 冒险"
Re;quartz零度,¥ 103.00,84%,32,14.7h,"冒险, 视觉小说"
Mystery Trackers: Queen of Hearts Collector's Edition,¥ 76.00,60%,10,3.1h,"冒险, 恐怖"
病房轶事 ～只有恶质护士存在的医院～,¥ 70.00,77%,586,9.4h,"冒险, 视觉小说"
EEP 17 Eisenbahn.exe Professional - Aufbau- und Steuerungssimulation,¥ 519.00,62%,16,6.1h,探索
Gates of Siberia: Wildlands,¥ 0.00,,,,"探索, 冒险"
《极品飞车™：不羁》,¥ 248.00,61%,"46,714",22.9h,"开放世界, 冒险"
Burnhouse Lane,¥ 50.00,94%,959,10.1h,"冒险, 动作冒险, 恐怖"
Refraction: Beyond the Mirror,¥ 32.00,90%,10,0.8h,"动作冒险, 冒险, 步行模拟, 探索"
The First Odyssey,免费开玩,30%,26,9.4h,"探索, 互动小说, 动作冒险, 恐怖"
Sanctus,¥ 0.00,,,,"冒险, 探索, 动作冒险, 互动小说"
花都之恋,¥ 18.00,93%,146,8.6h,"视觉小说, 文字游戏, 冒险"
Lilium Reach,¥ 0.00,,,,"探索, 开放世界, 冒险, 动作冒险"
Shah Mat!,¥ 0.00,,,,"冒险, 互动小说, 视觉小说"
Qabara The Artist,¥ 41.00,,,0.1h,"冒险, 互动小说, 步行模拟, 探索"
Witchbrook,¥ 0.00,,,,开放世界
Fruit Salad Theory,¥ 26.00,,,0.1h,"视觉小说, 互动小说"
KiNoKoe : Tree's Voice,¥ 42.00,2 篇用户评测,2,8.9h,"探索, 步行模拟, 冒险"
Gummings,¥ 6.00,4 篇用户评测,4,2.2h,恐怖
Shores of Loci,¥ 50.00,91%,46,1.4h,"互动小说, 冒险"
Exploria,¥ 22.00,60%,10,1.1h,"冒险, 动作冒险, 探索"
Where's My Horse? An Escape the Room Adventure,¥ 18.00,5 篇用户评测,5,1.8h,"探索, 冒险"
There Won't be Light,¥ 20.99,54%,51,1.7h,"恐怖, 动作冒险, 冒险"
Skeletons,¥ 11.00,7 篇用户评测,7,2.0h,"探索, 动作冒险, 恐怖, 冒险"
Honored,免费开玩,72%,40,6.5h,"冒险, 动作冒险, 探索"
Missing Mildred,¥ 22.00,2 篇用户评测,2,1.1h,冒险
Dungeon Runner XZ,免费开玩,65%,23,9.7h,"冒险, 动作冒险"
守望之影,¥ 39.00,42%,21,1.8h,"动作冒险, 冒险, 探索"
11F,¥ 36.00,83%,166,2.2h,"冒险, 恐怖, 步行模拟, 探索"
Satan's puzzle 666,¥ 15.00,80%,47,0.9h,恐怖
Tokyo Detectives 东京侦探,免费开玩,69%,56,3.1h,"视觉小说, 冒险"
MORTAL CRUX,¥ 0.00,,,,"开放世界, 探索, 动作冒险, 冒险"
约翰尼·男孩: 红月之吻,¥ 57.00,8 篇用户评测,8,2.1h,"互动小说, 冒险"
不可思议的幻想乡 -FORESIGHT-,¥ 128.00,46%,288,17.4h,冒险
Island Berry,¥ 22.00,54%,11,2.0h,"开放世界, 冒险"
Lichkeeper,免费开玩,91%,12,7.2h,冒险
Ruins Of Mitriom,免费,94%,99,3.9h,"动作冒险, 探索, 冒险"
Save Da Frogs,¥ 0.00,,,,"冒险, 动作冒险, 步行模拟, 探索"
FREEZEFRAME,¥ 11.00,无用户评测,,1.3h,冒险
Tatari,¥ 39.00,57%,19,2.1h,"恐怖, 冒险, 动作冒险"
Rising of the Moon - Part 1,¥ 22.00,3 篇用户评测,3,1.4h,冒险
Keyworker Simulator,¥ 0.00,,,,"开放世界, 探索"
Return of the Host,¥ 6.00,2 篇用户评测,2,1.4h,冒险
Tkium Exclusion Area,¥ 15.00,4 篇用户评测,4,2.4h,"动作冒险, 探索, 恐怖"
Project Kunai,¥ 22.00,86%,15,2.5h,"冒险, 动作冒险"
Swing the Universe,¥ 26.00,4 篇用户评测,4,2.2h,探索
Witchbane,¥ 0.00,,,,"动作冒险, 冒险, 恐怖"
Myth Caller: The Nightmare Shaman,¥ 0.00,,,,冒险
STARTMOVE,免费开玩,51%,37,48.4h,"开放世界, 冒险"
Synchronizacja - Visual Novel,免费,92%,27,5.9h,"视觉小说, 冒险"
Путин против Инопланетян: Extended Cut (CyberPutin 2033),¥ 0.00,,,,冒险
Mysterious House,¥ 3.00,91%,23,5.4h,冒险
AMaze DOS,¥ 30.00,71%,32,6.2h,探索
Absinthia,¥ 42.00,95%,43,7.3h,"探索, 冒险"
Amelite,免费开玩,96%,31,5.1h,冒险
狗狗大冒险,免费开玩,83%,36,7.7h,"冒险, 动作冒险"
A Street Story,¥ 18.00,,,2.2h,"互动小说, 视觉小说"
Gelatine,¥ 26.00,90%,22,1.5h,"探索, 开放世界"
Era Dream : Rose,免费,74%,31,4.3h,"动作冒险, 恐怖, 冒险"
FEAR: Call of the village,¥ 0.00,,,,"恐怖, 探索, 冒险"
Nightmare of Decay,¥ 22.00,95%,"4,073",4.3h,"恐怖, 动作冒险, 冒险"
Foolish Mortals,¥ 76.00,95%,457,9.4h,冒险
System Critical: The Race Against Time,¥ 22.00,3 篇用户评测,3,1.1h,"冒险, 动作冒险"
You Are NOT Bunnygirl,¥ 42.00,95%,68,31.8h,"恐怖, 探索"
Num-Sama,¥ 22.00,1 篇用户评测,1,,动作冒险
Marsh,¥ 22.00,100%,10,1.0h,冒险
Neon Ninja: Pixel Slasher,¥ 22.00,81%,11,10.4h,"动作冒险, 冒险"
Mistward,¥ 24.00,58%,68,2.4h,"探索, 开放世界"
Dracula's Prey - A Nightmare in Rome,¥ 0.00,,,,"恐怖, 冒险, 动作冒险, 探索"
Partizan,¥ 0.00,,,,动作冒险
Legends of Starkadia,¥ 0.00,,,,"冒险, 探索"
RE.wired,¥ 0.00,,,,"视觉小说, 探索, 恐怖, 冒险"
REARVIEW MIRROR,¥ 48.00,9 篇用户评测,9,3.1h,"视觉小说, 互动小说, 冒险"
Under A Star Long Cold,¥ 15.00,81%,97,0.8h,"动作冒险, 开放世界"
The Great Exhibition of 1851 in VR,免费,96%,30,6.4h,探索
Bounce Ball Blitz,免费开玩,7 篇用户评测,7,10.6h,冒险
倾覆之国：最后一战,¥ 46.00,40%,40,1.9h,"动作冒险, 开放世界, 冒险"
Death of Marionette,¥ 7.50,92%,53,3.5h,冒险
The Fourth Sense Evolution: Stone Age,¥ 0.00,,,,开放世界
Infection Crisis : Fight For Life,¥ 11.00,4 篇用户评测,4,3.6h,"冒险, 动作冒险, 互动小说, 恐怖"
Polygon Survival,¥ 3.00,44%,25,0.7h,"开放世界, 冒险, 探索"
Oversleep,¥ 15.00,2 篇用户评测,2,1.9h,"冒险, 动作冒险"
Secrets of the Dark Fortress,¥ 0.00,,,,"动作冒险, 冒险"
无垢之恋 -绽放于春之花海-,¥ 0.00,,,,"视觉小说, 冒险"
Prezzies,¥ 29.00,,,2.1h,冒险
Punch the Garden,¥ 0.00,,,,冒险
Seas of Rebellion,¥ 0.00,,,,冒险
Spaceport Trading Company,¥ 58.00,90%,32,3.0h,探索
末世少女 Zombie Girl,¥ 38.00,51%,960,2.0h,冒险
Layover Lovers,免费,92%,83,7.3h,视觉小说
Exp10sion,¥ 11.00,100%,19,1.0h,冒险
KOV,免费开玩,4 篇用户评测,4,10.7h,"冒险, 探索"
Forgotten Hill The Third Axis,免费开玩,78%,103,2.4h,"冒险, 恐怖"
Sea of Brave: Aidan Adventure,¥ 48.00,8 篇用户评测,8,2.4h,"动作冒险, 冒险, 探索"
BAFF Halloween,¥ 11.00,5 篇用户评测,5,8.1h,冒险
破境,¥ 26.00,5 篇用户评测,5,1.1h,"动作冒险, 冒险, 探索"
77th: The Game,免费开玩,63%,47,39.8h,"冒险, 步行模拟"
感染 - 超级士兵计划,¥ 42.99,3 篇用户评测,3,8.3h,动作冒险
ThisIsTheGame,¥ 0.00,,,,"探索, 开放世界, 冒险"
小夜怪奇物语,¥ 15.00,90%,10,14.6h,"冒险, 互动小说, 文字游戏, 恐怖"
Doctor Arcana and The Secret of Shadowspire,¥ 58.00,100%,14,5.2h,"冒险, 探索"
去分辨率,¥ 11.00,6 篇用户评测,6,2.2h,"冒险, 动作冒险"
Daymare Town,¥ 92.00,99%,103,10.4h,"探索, 冒险"
Familiars.io,免费,90%,76,4.3h,探索
Merchant's Odyssey,¥ 0.00,,,,探索
DemonCountdown,¥ 22.00,1 篇用户评测,1,2.5h,动作冒险
Codename Incubus,¥ 0.00,,,,动作冒险
The Unknown Fear,¥ 15.00,4 篇用户评测,4,3.3h,"冒险, 动作冒险, 互动小说, 恐怖"
Animal Way,¥ 0.00,,,,探索
I'm Not Scared,¥ 0.00,,,,"恐怖, 探索, 冒险, 开放世界"
Bladeborne,¥ 0.00,,,,"开放世界, 探索"
Fallen Ninja,¥ 6.00,68%,16,3.4h,"冒险, 步行模拟, 开放世界"
Hellvivors Prologue,¥ 0.00,,,,"冒险, 恐怖"
"Die, Pablo! - A tower defense adventure",¥ 15.00,2 篇用户评测,2,21.4h,冒险
Heartless Corporation,¥ 0.00,,,,视觉小说
Chained Cucumber,¥ 0.00,,,,冒险
Evil Hunt - Evil never sleeps,¥ 52.00,无用户评测,,1.5h,恐怖
魔釜小女巫,¥ 58.00,92%,"1,501",27.5h,冒险
Roots of Cinder,¥ 0.00,,,,"冒险, 动作冒险, 探索"
DUNGEON: Cradle of hell,¥ 22.00,6 篇用户评测,6,1.1h,冒险
Tiny Breakers Camp,¥ 6.30,80%,61,2.0h,"动作冒险, 冒险"
A Story About Farting,¥ 6.05,86%,30,3.5h,冒险
Six Meat Under,¥ 33.00,8 篇用户评测,8,2.1h,"动作冒险, 恐怖"
Relentless Impetus,¥ 26.00,2 篇用户评测,2,,"探索, 动作冒险, 冒险"
Searching,¥ 18.00,无用户评测,,7.8h,"冒险, 动作冒险"
Jinshin,¥ 58.00,4 篇用户评测,4,7.2h,冒险
幽灵尖叫,¥ 42.00,78%,652,6.9h,"恐怖, 探索"
Divine Pig,¥ 11.00,90%,11,0.8h,"冒险, 探索, 动作冒险"
Garden Of Coolembozo,¥ 0.00,,,,冒险
Stamped: an anti-travel game,免费,7 篇用户评测,7,9.5h,"视觉小说, 互动小说"
艺术即是爆炸 - Art is Boom,¥ 18.00,4 篇用户评测,4,4.8h,冒险
The Shortest Night,¥ 0.00,,,,"冒险, 互动小说, 探索, 恐怖, 步行模拟"
Highreach,¥ 0.00,,,,"开放世界, 探索, 动作冒险"
小虫虫,¥ 11.00,88%,210,2.8h,动作冒险
Against The Tide,¥ 0.00,,,,探索
Dungeons of Mysteria,¥ 26.00,75%,12,4.9h,"冒险, 动作冒险"
Marron's Day,¥ 42.00,96%,28,1.8h,"冒险, 探索, 互动小说"
Aure,¥ 22.00,2 篇用户评测,2,0.2h,"冒险, 探索, 开放世界, 动作冒险"
偏差者,¥ 22.00,68%,857,5.8h,"冒险, 探索"
Tracks of the Arcana,¥ 22.00,3 篇用户评测,3,0.2h,"冒险, 探索, 动作冒险"
Tmutarakan,¥ 0.00,,,,"冒险, 视觉小说"
Fallen Seeds,¥ 29.00,87%,77,4.2h,"视觉小说, 冒险"
Survive The Night,¥ 0.00,,,,"探索, 动作冒险, 开放世界"
Your Holy & Virtuous Heretic,¥ 0.00,,,,"探索, 恐怖"
Aftermath,¥ 26.00,1 篇用户评测,1,1.2h,冒险
Jery Mice vs Cats: Home Invasion,¥ 0.00,,,,"冒险, 动作冒险"
Battle Wizard Attack,¥ 42.00,75%,29,3.6h,动作冒险
Tile Ruler,¥ 11.00,,,,探索
SCP: Containment Chaos,¥ 0.00,,,,"恐怖, 探索, 动作冒险"
Dark Sanctum,¥ 0.00,,,,互动小说
Maze Quest Master,¥ 11.00,,,1.1h,冒险
The Elision Effect,¥ 15.00,94%,157,0.8h,"步行模拟, 探索, 冒险"
Infinity Castle Dungeon,¥ 18.00,87%,31,0.6h,"探索, 动作冒险"
Masada,¥ 0.00,,,,"开放世界, 探索"
Runes,¥ 0.00,,,,"开放世界, 探索, 冒险, 互动小说"
Hexrite,¥ 0.00,,,,"动作冒险, 冒险, 探索, 开放世界"
Project Hybrid,¥ 36.00,4 篇用户评测,4,1.7h,"恐怖, 动作冒险"
EVA,¥ 0.00,,,,"探索, 动作冒险, 冒险"
Faye Freelance: Rebel Reporter,¥ 0.00,,,,冒险
少女死神养成计划,¥ 0.00,,,,"动作冒险, 冒险"
Reaplaced,免费,90%,54,4.2h,"恐怖, 视觉小说, 冒险"
Reconnoitre,¥ 52.00,1 篇用户评测,1,0.2h,"探索, 冒险"
影视界,¥ 15.00,,,0.8h,"冒险, 互动小说, 视觉小说, 探索"
Brushwood Saga,¥ 29.00,,,0.2h,探索
Detective Fantasia: EXCALIMURDER,¥ 0.00,,,,"开放世界, 互动小说, 冒险, 探索"
上班啦,¥ 11.00,1 篇用户评测,1,1.6h,"探索, 冒险"
TASOKARE HOTEL Re:newal,¥ 286.00,83%,65,10.6h,"视觉小说, 探索, 冒险"
Fisherman's Island Alpha Test,¥ 11.00,2 篇用户评测,2,2.4h,"冒险, 探索, 动作冒险"
琉球異聞 朱桜の繋,¥ 36.00,2 篇用户评测,2,0.6h,"冒险, 视觉小说"
艾尔登法环 黑夜君临,¥ 198.00,83%,"123,190",133.6h,开放世界
纽洛亚诺克,¥ 0.00,,,,"恐怖, 冒险, 动作冒险"
城堡大师游戏,¥ 42.00,1 篇用户评测,1,3.4h,动作冒险
Multiversal Affairs,¥ 0.00,,,,"动作冒险, 开放世界"
The Skyland Chronicles,¥ 0.00,,,,"冒险, 动作冒险"
Yeah Wow Hey,¥ 29.99,7 篇用户评测,7,5.5h,"冒险, 动作冒险"
Aurule Dynasty,¥ 0.00,,,,"探索, 冒险, 动作冒险, 开放世界"
Homeland,¥ 18.20,62%,37,3.5h,"冒险, 动作冒险"
Park Ranger Simulator,¥ 58.00,18%,79,2.8h,"探索, 开放世界, 冒险"
Lost Chronicles,免费开玩,70%,82,12.7h,冒险
In Fair Spirits,¥ 36.00,82%,17,3.0h,视觉小说
The Wicked Souls,¥ 0.00,,,,"冒险, 探索, 动作冒险"
The Mothering,¥ 0.00,,,,"恐怖, 动作冒险, 冒险"
Avium,¥ 42.00,84%,26,1.9h,"开放世界, 动作冒险, 冒险"
Favela Zombie Shooter,¥ 18.00,2 篇用户评测,2,1.4h,恐怖
House Master,¥ 0.00,,,,"探索, 开放世界"
Frenzy Blood,¥ 0.00,,,,恐怖
Tube Be Continued,¥ 58.00,1 篇用户评测,1,,探索
午夜机器人,¥ 38.00,80%,46,6.1h,"动作冒险, 探索, 冒险"
Berzerk: Recharged,¥ 42.00,63%,44,4.8h,冒险
Vivaldia 2,免费,80%,45,8.8h,冒险
The Elder Scrolls IV: Oblivion Remastered,¥ 249.00,77%,"57,335",24.7h,"开放世界, 冒险, 探索, 动作冒险"
God & Charlotte,¥ 0.00,,,,"恐怖, 冒险"
Noctheria,¥ 0.00,,,,"动作冒险, 恐怖, 探索, 冒险"
My Adorable Demon Story,¥ 0.00,,,,视觉小说
星际魔法使-FromTheStars-,¥ 0.00,,,,"互动小说, 文字游戏, 视觉小说"
Defendrion,¥ 0.00,,,,冒险
小鹿牌的秘密,¥ 0.00,,,,"冒险, 开放世界"
オバケヤシキ,¥ 22.00,90%,11,1.3h,"冒险, 步行模拟, 探索, 恐怖"
Roadtrip: The Engine of Madness,¥ 0.00,,,,"探索, 动作冒险, 恐怖, 冒险"
蛛丝王朝,¥ 0.00,,,,"动作冒险, 冒险, 开放世界"
The Flipbook,¥ 0.00,,,,恐怖
Replicomica,免费开玩,98%,57,5.8h,冒险
Sunfluffs,¥ 48.00,100%,50,5.4h,"探索, 冒险"
四面楚歌,¥ 0.00,,,,"冒险, 动作冒险"
Enchanted Stories: PAWisoned Kingdom Collector's Edition,¥ 18.00,6 篇用户评测,6,5.1h,冒险
Not Guilty!,¥ 0.00,,,,冒险
Born for the Light ~Wavelength Radiant Collapse~,¥ 0.00,,,,"视觉小说, 恐怖, 冒险"
ELEMENTAL SOUL,¥ 0.00,,,,"冒险, 动作冒险"
封禅记(The Legend of Zen Town),¥ 0.00,,,,冒险
Festival Journey: Venetian Masquerade Collector's Edition,¥ 48.00,,,0.4h,冒险
Letters of War,¥ 42.00,84%,13,2.0h,"冒险, 探索"
Service with a Shotgun,¥ 27.80,94%,72,2.4h,"视觉小说, 动作冒险"
Irredeemable,¥ 0.00,,,,开放世界
The Face Horror Game,¥ 0.00,,,,"恐怖, 探索, 步行模拟, 动作冒险, 冒险"
Escape House,¥ 11.00,7 篇用户评测,7,1.3h,"步行模拟, 探索"
Crabageddon,¥ 15.00,1 篇用户评测,1,,开放世界
Shadowland: Rise Of The Fallen,¥ 11.00,,,2.2h,"动作冒险, 冒险"
Lots of Cats on an Adventure,免费开玩,93%,528,3.0h,冒险
School Crisis,¥ 0.00,,,,"冒险, 动作冒险"
Ugly Mansion,¥ 0.00,,,,"冒险, 恐怖"
剑啸长河,¥ 0.00,,,,探索
Hop Drop,¥ 26.00,5 篇用户评测,5,0.3h,开放世界
<Kobako> Night Detention | 夜の居残り,¥ 0.00,,,,"探索, 文字游戏, 步行模拟, 恐怖"
Shoot Your Pal,¥ 0.00,,,,冒险
The Donut Gallery,免费,92%,14,8.6h,"步行模拟, 探索"
Uncle Lee’s Cookbook: Five Recipes for Disaster,¥ 0.00,,,,冒险
Walk The Plank,¥ 26.00,1 篇用户评测,1,0.3h,"步行模拟, 恐怖"
Scrutator Tenebris,¥ 0.00,,,,"恐怖, 冒险, 探索"
12 Labours of Hercules XVIII: Ghost Sheep,¥ 48.00,6 篇用户评测,6,15.1h,冒险
Ward 777 - الجناح 777,¥ 6.60,75%,20,1.6h,"步行模拟, 恐怖"
Flowerbud,¥ 0.00,,,,"互动小说, 视觉小说"
Master of the Mow,¥ 0.00,,,,冒险
Proper Citizen,¥ 0.00,,,,"恐怖, 冒险, 互动小说, 步行模拟, 探索"
OoglyBoogly,¥ 0.00,,,,"冒险, 互动小说, 恐怖"
Joyful Masks,¥ 0.00,,,,冒险
Colorbound,¥ 0.00,,,,冒险
Wall Brawl,¥ 0.00,,,,"探索, 动作冒险"
FrostCore,¥ 6.00,2 篇用户评测,2,2.0h,"冒险, 动作冒险, 探索"
My Fishing Desktop,¥ 15.00,2 篇用户评测,2,8.6h,冒险
For Eternity,¥ 0.00,,,,冒险
Ignis Dei,免费,95%,45,7.2h,"冒险, 恐怖, 探索"
Interaktivně o Liberci,¥ 0.00,,,,"冒险, 互动小说"
Nightpyre,¥ 0.00,,,,动作冒险
The Day in a Life of a Dayfly,免费,91%,47,6.0h,"冒险, 视觉小说, 互动小说, 探索"
Alienhead,¥ 0.00,,,,"探索, 动作冒险"
Architect of Ruin,¥ 0.00,,,,开放世界
Cordel Lands,¥ 18.00,1 篇用户评测,1,,冒险
Powwow Bound: A Menominee Homecoming,免费开玩,8 篇用户评测,8,6.2h,"冒险, 互动小说, 步行模拟, 探索"
Seize the Cheese,¥ 18.00,4 篇用户评测,4,2.8h,冒险
Legacy of The Botanist,¥ 0.00,,,,"冒险, 动作冒险, 步行模拟, 探索, 开放世界"
Pumpkin & Patch,¥ 0.00,,,,"冒险, 动作冒险, 探索"
Sub-Species,¥ 0.00,,,,"冒险, 动作冒险, 探索"
RUMOUR,¥ 0.00,,,,"恐怖, 冒险"
Wrist Catcher-寸关,¥ 9.00,3 篇用户评测,3,0.5h,"文字游戏, 冒险"
The Puppy,¥ 11.00,63%,41,2.8h,"冒险, 恐怖"
青云防守,¥ 18.00,1 篇用户评测,1,0.8h,开放世界
Jungle Rot,¥ 0.00,,,,"恐怖, 动作冒险, 冒险, 探索"
Idle Reincarnator,¥ 22.00,70%,92,16.8h,冒险
淫乱迷宫大师：重启,¥ 58.00,98%,82,4.8h,探索
Deluge,¥ 0.00,,,,"恐怖, 探索"
The Warrens,¥ 52.00,3 篇用户评测,3,0.1h,"恐怖, 动作冒险, 探索"
龙与大剑,¥ 0.00,,,,冒险
天堂岛,¥ 0.00,,,,"探索, 开放世界"
苍蓝魔导士露娜　～天才魔导士与传奇魔导士～,¥ 0.00,,,,"冒险, 探索, 动作冒险"
Batta? Batta!,免费开玩,92%,28,8.1h,冒险
Monster Clicker: Origins,¥ 0.00,,,,冒险
I Don't Want To Be A Good Woman,¥ 33.00,6 篇用户评测,6,0.2h,"步行模拟, 探索, 互动小说, 冒险"
CINESCAPE VR,¥ 0.00,,,,"冒险, 探索"
马桶英雄,¥ 0.00,,,,冒险
EONA,¥ 0.00,,,,"动作冒险, 恐怖, 冒险"
竿鬼村的神隐事件,¥ 48.30,84%,79,2.9h,探索
Grimfog: Dead Hand Path,¥ 0.00,,,,"冒险, 探索"
はじめての妊娠〜松本・大北地域編〜,免费,95%,21,11.2h,"冒险, 视觉小说"
妙探寻凶：家族疑案,¥ 29.00,1 篇用户评测,1,4.6h,"冒险, 互动小说, 视觉小说"
神秘岛：诡画,¥ 29.00,3 篇用户评测,3,13.9h,"冒险, 互动小说, 视觉小说"
Countryballs: Power Protocol,¥ 42.00,73%,108,5.0h,"冒险, 探索"
C.L.U.C.K.,¥ 0.00,,,,"恐怖, 探索"
每日亲亲洛丽塔,¥ 35.00,79%,278,3.9h,"视觉小说, 冒险, 互动小说, 文字游戏"
Escape.exe,¥ 0.00,,,,"恐怖, 冒险, 探索, 动作冒险"
Mitrys,¥ 0.00,,,,探索
独奏骑士,免费开玩,21%,14,4.5h,"冒险, 动作冒险"
Mondrayn,¥ 0.00,,,,"冒险, 恐怖, 探索"
Risko,¥ 0.00,,,,探索
Mercy Incore,¥ 0.00,,,,"动作冒险, 冒险"
池中物,¥ 0.00,,,,"探索, 冒险"
Flarebound,¥ 0.00,,,,探索
Koromi,¥ 0.00,,,,"冒险, 探索"
舰魂重构 WarSpirit Recast,¥ 0.00,,,,冒险
Eternal Affairs,¥ 22.00,6 篇用户评测,6,3.7h,互动小说
地心工业线 Chipmatic,¥ 0.00,,,,探索
Maze Odyssey,¥ 5.40,1 篇用户评测,1,2.1h,"冒险, 动作冒险"
Enrobssyba,免费开玩,85%,64,7.3h,"冒险, 动作冒险, 恐怖"
Astral Sanctum,¥ 0.00,,,,冒险
Cornfield Escape,¥ 0.00,,,,"冒险, 动作冒险, 探索, 恐怖"
Arcane Eclipse,¥ 0.00,,,,"冒险, 探索"
Jerry the Zombie Slayer,¥ 0.00,,,,探索
Operation Ninurta - Eris Portal,¥ 22.00,无用户评测,,0.2h,冒险
Chalet,¥ 15.00,8 篇用户评测,8,,"恐怖, 冒险, 探索"
Freak,¥ 0.00,,,,恐怖
southbound,¥ 0.00,,,,"开放世界, 探索, 动作冒险"
La Galerie des Toilettes,¥ 52.00,97%,48,1.2h,"探索, 步行模拟"
租女友,¥ 33.00,3 篇用户评测,3,0.9h,"互动小说, 视觉小说"
Encroacher: Snakes,¥ 0.00,,,,"冒险, 动作冒险"
Paratopic: Overdub,¥ 0.00,,,,"冒险, 步行模拟"
EscapeTheBrainrots,¥ 26.00,,,,"冒险, 动作冒险, 恐怖"
TimeSplit,¥ 0.00,,,,动作冒险
Vanquish Evil,¥ 22.00,2 篇用户评测,2,1.6h,冒险
高中生就该这样(FUGUE),¥ 0.00,,,,视觉小说
Courier Bay,¥ 37.70,54%,11,1.4h,开放世界
Bartholomew.exe,免费,83%,37,6.8h,恐怖
Hop n' Hook,免费开玩,100%,10,21.9h,"冒险, 探索, 开放世界"
Zero Moment,¥ 0.00,,,,"恐怖, 动作冒险, 冒险"
Ogopogo,¥ 15.00,1 篇用户评测,1,0.0h,冒险
Astral Lodge,免费开玩,97%,42,21.1h,"冒险, 探索, 恐怖"
中国式地雷女,¥ 0.00,,,,"视觉小说, 冒险, 互动小说"
NEODITRONIX,免费,82%,50,5.2h,"恐怖, 冒险"
Ice Dodo,免费开玩,90%,21,10.5h,冒险
异能军团,¥ 0.00,,,,探索
Deliverance Protocol: Ironrot,¥ 0.00,,,,"冒险, 步行模拟, 探索, 恐怖"
DarkOrbit Reloaded,免费开玩,29%,359,24.1h,冒险
Kodoktale,¥ 0.00,,,,"冒险, 探索, 开放世界"
DONTCRUSH,¥ 15.00,无用户评测,,0.1h,冒险
Hunting Pro Simulator,¥ 0.00,,,,"冒险, 开放世界, 探索"
Mystery of Myths: Whisper of Depth Collector's Edition,¥ 0.00,,,,冒险
Newbie Hacker,¥ 18.00,,,2.4h,互动小说
Kiss And Cry：我的女友脑子有问题,¥ 0.00,,,,"文字游戏, 视觉小说"
Devestor,¥ 42.00,3 篇用户评测,3,4.7h,恐怖
Tidewake,¥ 0.00,,,,"探索, 动作冒险, 冒险"
MoonLost,¥ 18.00,2 篇用户评测,2,,"探索, 动作冒险"
Murder Mystery Stories,¥ 48.00,2 篇用户评测,2,11.9h,"冒险, 视觉小说, 动作冒险, 互动小说"
Forgotten - Whispers of the Past,¥ 0.00,,,,"恐怖, 探索"
Christmas Luge: The Journey,¥ 33.00,9 篇用户评测,9,,冒险
Sepulcher,¥ 33.00,1 篇用户评测,1,,冒险
As Cores de Ofelia,¥ 0.00,,,,冒险
Red Moon Cafe,¥ 0.00,,,,"恐怖, 步行模拟"
TOMOHIGARA,¥ 0.00,,,,"探索, 恐怖, 冒险"
Dream Eater,¥ 0.00,,,,"探索, 冒险"
POSSESSOR,¥ 0.00,,,,"冒险, 恐怖, 探索"
Kulipari: United,¥ 0.00,,,,冒险
Digger Beach,¥ 22.00,5 篇用户评测,5,3.9h,"冒险, 动作冒险, 探索"
Brain Candy,¥ 0.00,,,,探索
Have You Seen This Man?,¥ 15.00,4 篇用户评测,4,0.6h,"冒险, 步行模拟, 探索, 恐怖"
Curupira the Forest Guardian,¥ 26.00,4 篇用户评测,4,1.1h,"冒险, 动作冒险"
Bunny Dusty,¥ 0.00,,,,"探索, 动作冒险, 开放世界"
Loser Named Hana,免费,94%,139,4.5h,互动小说
HOPE,¥ 0.00,,,,"冒险, 探索"
Teryndor: Caelorn’s Quest,¥ 17.64,4 篇用户评测,4,,动作冒险
Tetramorph,¥ 26.00,,,,"冒险, 探索"
Merry’s Seven Wishes,¥ 0.00,,,,"冒险, 互动小说, 视觉小说"
Grammar Grind,¥ 42.00,4 篇用户评测,4,4.5h,文字游戏
Curved World,¥ 18.00,2 篇用户评测,2,,"冒险, 步行模拟, 探索, 恐怖"
Shadow Of Winter,免费,22%,18,4.5h,"恐怖, 冒险, 探索, 动作冒险"
The Internet Cafe | PC방 알바,¥ 0.00,,,,"探索, 步行模拟, 冒险, 恐怖"
Fire flies,免费开玩,4 篇用户评测,4,4.2h,"冒险, 探索"
狂野推理：雾都的恶犬,¥ 0.00,,,,"冒险, 探索"
Relight,¥ 0.00,,,,动作冒险
Orchard Outbreak: Slime Time,¥ 0.00,,,,动作冒险
Filled Up,¥ 0.00,,,,"冒险, 恐怖, 动作冒险, 互动小说"
Samuel Prince Attorney at Law Chapter 3,¥ 22.00,无用户评测,,,"视觉小说, 冒险, 探索"
Cosmic Cargo,免费,92%,14,4.8h,冒险
空想森林FANTASY FOREST,¥ 0.00,,,,探索
幻视之夜,¥ 0.00,,,,"互动小说, 视觉小说, 文字游戏, 探索"
白夜梦晴,免费开玩,81%,22,4.3h,视觉小说
学园异变,¥ 0.00,,,,"冒险, 步行模拟, 恐怖"
勇者,¥ 0.00,,,,"探索, 动作冒险, 冒险"
Convent Chronicles: Revelation,¥ 0.00,,,,"视觉小说, 恐怖, 互动小说"
Arthur's Kindergarten,¥ 42.00,1 篇用户评测,1,1.3h,冒险
苍刻之空：The Carving Sky,¥ 0.00,,,,冒险
Harry and the Haunted House,¥ 42.00,1 篇用户评测,1,0.0h,"恐怖, 互动小说, 视觉小说"
Little Monster at School,¥ 42.00,,,,视觉小说
Ruff's Bone,¥ 42.00,1 篇用户评测,1,0.0h,"互动小说, 视觉小说"
Havenreach: Last Refuge,¥ 0.00,,,,探索
Assassin of Demon,¥ 18.00,2 篇用户评测,2,5.3h,"冒险, 步行模拟"
东北往事,¥ 0.00,,,,"冒险, 互动小说, 文字游戏, 视觉小说, 探索"
Northgale,¥ 0.00,,,,"探索, 冒险"
Curvid Nurntine and the Black Vaccine,¥ 0.00,,,,"冒险, 恐怖, 探索"
Snemovna,¥ 33.00,7 篇用户评测,7,6.3h,"恐怖, 探索"
Parnitha: Patient 66,¥ 26.00,84%,19,0.2h,"探索, 冒险, 恐怖"
Watcher's Eye,¥ 22.00,无用户评测,,0.8h,恐怖
Drone Feeder,¥ 15.00,1 篇用户评测,1,0.2h,探索
Rust Born,¥ 0.00,,,,"探索, 动作冒险"
Skies Scrapper,¥ 0.00,,,,"冒险, 探索"
ESSOMENIC,¥ 0.00,,,,"冒险, 互动小说"
"嘘, 美女拍摄中",¥ 76.00,87%,140,5.3h,"互动小说, 冒险, 视觉小说"
禁区-B17,¥ 15.00,1 篇用户评测,1,0.3h,"探索, 冒险, 动作冒险, 恐怖"
Truck Simulator 2026: USA,¥ 0.00,,,,"探索, 开放世界"
Piperspace,¥ 0.00,,,,"探索, 冒险"
Between These Two,¥ 0.00,,,,"探索, 冒险, 恐怖, 步行模拟"
LoopMage: The Infinite Trials,¥ 15.00,3 篇用户评测,3,0.3h,冒险
Mayfly,¥ 0.00,,,,"探索, 冒险, 步行模拟, 恐怖"
The Place: Beneath the Mind,¥ 0.00,,,,"探索, 步行模拟, 互动小说, 冒险, 恐怖"
Camp Manager Simulator,¥ 0.00,,,,开放世界
The Midnighters,¥ 0.00,,,,"探索, 恐怖, 动作冒险, 冒险"
Don't Go Unarmed,¥ 0.00,,,,冒险
Where is my car?,¥ 11.00,2 篇用户评测,2,,探索
Deer Legend,¥ 0.00,,,,动作冒险
The Hag,¥ 6.00,2 篇用户评测,2,2.2h,"恐怖, 探索, 步行模拟"
Private Witch Eye: The Lotus Killer,¥ 0.00,,,,"冒险, 探索"
Lost Artifacts The Ghost of Florence,¥ 58.00,2 篇用户评测,2,4.8h,冒险
看不见的我们,¥ 29.00,93%,225,16.6h,"冒险, 视觉小说, 互动小说"
Remnants Of Eden,¥ 58.00,1 篇用户评测,1,,"冒险, 动作冒险"
Symbiote,¥ 0.00,,,,"冒险, 探索, 动作冒险, 开放世界"
1948,¥ 0.00,,,,"互动小说, 冒险, 探索"
Block States,¥ 11.00,3 篇用户评测,3,1.1h,开放世界
Deep Siren,¥ 0.00,,,,"恐怖, 冒险"
1111-Strike,¥ 0.00,,,,冒险
Motel Ravenrose,¥ 0.00,,,,"步行模拟, 恐怖, 冒险, 动作冒险"
Cozy Builder,¥ 0.00,,,,开放世界
Serpath,¥ 0.00,,,,"冒险, 开放世界"
Face Interrogation,¥ 0.00,,,,"恐怖, 冒险, 视觉小说"
TEST RELEASE DO NOT BUY !!!,¥ 11.00,100%,41,0.8h,互动小说
Room 304 - A Boys' Love Story,¥ 15.00,2 篇用户评测,2,0.1h,视觉小说
The Salesman,¥ 22.00,82%,682,1.4h,"恐怖, 冒险, 动作冒险, 步行模拟"
束魂,¥ 29.00,无用户评测,,3.5h,"探索, 冒险, 动作冒险, 恐怖"
Trick or Treat: The Legend of Samhain,¥ 0.00,,,,"冒险, 动作冒险, 探索"
天际旅者,¥ 0.00,,,,"冒险, 动作冒险"
A Game About Boxes,免费,91%,48,3.9h,"冒险, 步行模拟"
커피여우 김삼월,¥ 66.00,1 篇用户评测,1,2.4h,"视觉小说, 冒险"
MineEngineer,¥ 0.00,,,,"探索, 冒险, 开放世界"
KILL THE KING,¥ 0.00,,,,"恐怖, 探索, 动作冒险, 冒险"
Anna & Emma - Paper Adventure,¥ 0.00,,,,"冒险, 探索"
OKEverything: Realm of Humanity,¥ 0.00,,,,"互动小说, 视觉小说"
Virus Brain,¥ 15.00,100%,11,2.5h,"恐怖, 冒险"
Erebound,¥ 0.00,,,,"冒险, 探索"
Magus Relics: the Majimono,¥ 11.00,,,0.4h,"冒险, 探索, 开放世界"
Mira's Journal,¥ 0.00,,,,"探索, 冒险"
Monocular Odyssey,¥ 0.00,,,,冒险
Endless Corridors,¥ 0.00,,,,"探索, 步行模拟, 冒险, 动作冒险, 恐怖"
Anomyeowly: Uncover the anomalies with the cat-eared maid,¥ 18.00,81%,11,0.8h,"冒险, 步行模拟, 恐怖"
阎罗索命,¥ 0.00,,,,"冒险, 视觉小说"
Timberveil,¥ 0.00,,,,"冒险, 探索"
Backroom Collector,¥ 0.00,,,,"探索, 步行模拟, 恐怖"
Ghost Node,¥ 0.00,,,,冒险
The Last Bet,¥ 0.00,,,,"开放世界, 动作冒险"
No Mercy Maze,¥ 18.00,,,,"冒险, 动作冒险"
Starfall,¥ 0.00,,,,冒险
地獄楽 パラダイスバトル,¥ 0.00,,,,冒险
哥是莽撞人,¥ 6.00,,,,"步行模拟, 冒险"
親戚の家に行け！よし子！,¥ 18.00,72%,22,6.8h,"冒险, 动作冒险"
Camp Slaughter,¥ 0.00,,,,"恐怖, 视觉小说, 动作冒险, 冒险"
3265,¥ 0.00,,,,恐怖
14 Days With You,¥ 0.00,,,,"视觉小说, 恐怖"
永夜的莱恩,¥ 0.00,,,,"冒险, 探索"
Hansel And Gretel,¥ 0.00,,,,"冒险, 恐怖, 动作冒险, 探索"
Island,¥ 0.00,,,,视觉小说
术阵魔法使,¥ 0.00,,,,"冒险, 动作冒险"
声韵之恋,¥ 0.00,,,,视觉小说
YOBI,¥ 0.00,,,,冒险
Angels' Uprising,¥ 0.00,,,,"冒险, 动作冒险, 恐怖"
Puzzle Park 2,¥ 0.00,,,,"冒险, 探索, 开放世界"
Lukas Adventure 64,¥ 0.00,,,,"冒险, 恐怖, 开放世界, 探索"
被击垮而堕落的强气人妻,¥ 0.00,,,,视觉小说
MechaCap Arena,¥ 33.00,6 篇用户评测,6,,互动小说
Emoji小队,¥ 0.00,,,,冒险
Yoga with Sensei,¥ 0.00,,,,视觉小说
Arena of Trials,¥ 26.00,无用户评测,,1.1h,"冒险, 动作冒险, 探索"
Tache Noire,¥ 66.00,100%,15,,"探索, 动作冒险, 恐怖, 冒险"
龙扬传1：白与黑,¥ 9.00,,,,"探索, 冒险"
The Black Whale,免费开玩,87%,55,2.1h,"冒险, 步行模拟, 探索, 恐怖"
Slimepatch,¥ 17.60,,,,冒险
Gerry Dae,¥ 0.00,,,,"动作冒险, 冒险"
Turn It Off,¥ 0.00,,,,"恐怖, 冒险, 步行模拟, 探索"
Shiftomino,¥ 0.00,,,,冒险
VIVA - VRIDIAN Integrated Virtual Architecture,¥ 0.00,,,,"探索, 开放世界, 步行模拟, 视觉小说"
Secrets of Solari,¥ 0.00,,,,"冒险, 动作冒险, 探索"
Homeless farmer,¥ 0.00,,,,"探索, 冒险"
Streamer vs. Chat,¥ 0.00,,,,互动小说
Abyss Chamber,¥ 0.00,,,,"恐怖, 冒险, 步行模拟"
Pale Abyss,¥ 0.00,,,,"冒险, 探索, 动作冒险"
The Secret of Island of Fear,¥ 0.00,,,,"冒险, 动作冒险"
Beneath the Ghost Kingdom,¥ 0.00,,,,"冒险, 探索, 开放世界"
Guard Number 99,¥ 0.00,,,,恐怖
GNOSiS,¥ 0.00,,,,"恐怖, 开放世界, 探索, 动作冒险"
回响,¥ 15.00,1 篇用户评测,1,1.8h,"步行模拟, 探索, 恐怖, 冒险"
TriviaSpire,¥ 0.00,,,,文字游戏
Lonely Penguin,¥ 0.00,,,,"探索, 互动小说, 动作冒险, 冒险"
Three Doors,¥ 18.00,无用户评测,,6.3h,探索
modavuj FOREST CAMP,¥ 6.00,4 篇用户评测,4,0.1h,"冒险, 动作冒险"
Hoofprints,¥ 0.00,,,,"冒险, 探索"
METROLOGY,¥ 0.00,,,,"恐怖, 步行模拟, 探索"
Ghostpunk,¥ 0.00,,,,"互动小说, 恐怖"
Dude in the Dark,免费,3 篇用户评测,3,8.6h,探索
Wordforge: Silent Letters,¥ 0.00,,,,文字游戏
Eternal Angler,¥ 0.00,,,,"探索, 冒险"
Virtuoso Skins Game,¥ 0.00,,,,探索
猫猫的摸鱼日记,¥ 48.00,,,,"互动小说, 视觉小说"
Echoes of Sin: Drain,¥ 0.00,,,,"探索, 冒险"
Argonauts Agency: Secret of the Labyrinth,¥ 76.00,,,0.3h,冒险
卡牌求生：阴暗航线,¥ 0.00,,,,"探索, 开放世界, 恐怖"
Assassin of Dragon,¥ 18.00,无用户评测,,2.8h,"步行模拟, 冒险, 动作冒险"
VOLT & VOID,¥ 0.00,,,,"冒险, 探索"
挂机升级打怪兽,¥ 28.00,75%,12,53.7h,冒险
Little Big Ghost Hunter,¥ 0.00,,,,"恐怖, 探索"
23:61,¥ 0.00,,,,"文字游戏, 视觉小说, 互动小说, 冒险"
Basement,¥ 6.00,1 篇用户评测,1,0.8h,"探索, 冒险"
A Lost Man,¥ 0.00,,,,冒险
Gamble: Hard Exit,¥ 0.00,,,,恐怖
"It’s magic, bro!",¥ 0.00,,,,"冒险, 恐怖, 探索"
TonTon Galaxy,¥ 0.00,,,,"探索, 开放世界"
Shear Heaven,¥ 0.00,,,,"冒险, 探索"
NULL,¥ 0.00,,,,"恐怖, 步行模拟, 冒险, 探索"
Secrets of Asherah 2,¥ 0.00,,,,探索
逐末之地：60s Exploring the Endless Land：60s,¥ 0.00,,,,"冒险, 探索"
Red Passport: Deported,¥ 0.00,,,,"冒险, 步行模拟, 探索"
Emerald Flower,¥ 0.00,,,,"动作冒险, 探索, 冒险"
Custom Image Survivors,¥ 0.00,,,,动作冒险
Backrooms: Multiverse,¥ 0.00,,,,"冒险, 恐怖, 探索"
Unknown Space,¥ 0.00,,,,"冒险, 探索"
Endless Dark,¥ 0.00,,,,"冒险, 动作冒险"
Virtual Driving School: Trucks,¥ 0.00,,,,"探索, 开放世界"
Wrong Treatment,¥ 0.00,,,,"恐怖, 冒险"
UNCHI,¥ 11.00,,,,动作冒险
Chernov Incident,¥ 11.00,6 篇用户评测,6,0.5h,恐怖
Disharmony,¥ 0.00,,,,"恐怖, 动作冒险"
Sim Tanks,¥ 22.00,,,,"开放世界, 冒险"
FEMBOY SLEEPOVER - Episode 1,¥ 0.00,,,,"视觉小说, 互动小说"
Medic Please!,¥ 0.00,,,,"冒险, 探索"
The Hollow,¥ 0.00,,,,"步行模拟, 恐怖, 开放世界"
独居日志：插画家之梦,¥ 0.00,,,,视觉小说
Space Slinger,¥ 0.00,,,,冒险
Cannibal Court,¥ 0.00,,,,"互动小说, 视觉小说, 探索, 恐怖"
Compass,¥ 0.00,,,,"冒险, 开放世界, 探索, 动作冒险"
The Cardboard Cave,¥ 18.00,,,,冒险
POPULARITY CONTEST,¥ 0.00,,,,"视觉小说, 互动小说, 冒险"
Adaptive Wilds,¥ 0.00,,,,"冒险, 开放世界"
Panic Point,¥ 0.00,,,,"恐怖, 探索, 动作冒险"
Frozen Isolation,¥ 0.00,,,,"冒险, 开放世界, 探索"
Sky Pirates,¥ 0.00,,,,"冒险, 动作冒险, 探索"
